photo_id,species,marked,inat_url
344921009,Catharus minimus,0,https://www.inaturalist.org/photos/344921009
175863130,Catharus minimus,0,https://www.inaturalist.org/photos/175863130
175159665,Catharus minimus,0,https://www.inaturalist.org/photos/175159665
251189764,Catharus minimus,0,https://www.inaturalist.org/photos/251189764
174307899,Catharus minimus,0,https://www.inaturalist.org/photos/174307899
175517713,Catharus minimus,0,https://www.inaturalist.org/photos/175517713
175331160,Catharus minimus,0,https://www.inaturalist.org/photos/175331160
175331163,Catharus minimus,0,https://www.inaturalist.org/photos/175331163
176070405,Catharus minimus,0,https://www.inaturalist.org/photos/176070405
175517731,Catharus minimus,0,https://www.inaturalist.org/photos/175517731
178394851,Catharus minimus,0,https://www.inaturalist.org/photos/178394851
63352071,Catharus minimus,0,https://www.inaturalist.org/photos/63352071
176070398,Catharus minimus,0,https://www.inaturalist.org/photos/176070398
339644146,Catharus minimus,0,https://www.inaturalist.org/photos/339644146
277427269,Catharus minimus,0,https://www.inaturalist.org/photos/277427269
383212395,Catharus minimus,0,https://www.inaturalist.org/photos/383212395
175218531,Catharus minimus,0,https://www.inaturalist.org/photos/175218531
216568883,Catharus minimus,0,https://www.inaturalist.org/photos/216568883
175292804,Catharus minimus,0,https://www.inaturalist.org/photos/175292804
353011577,Catharus minimus,0,https://www.inaturalist.org/photos/353011577
175517744,Catharus minimus,0,https://www.inaturalist.org/photos/175517744
110664719,Catharus minimus,0,https://www.inaturalist.org/photos/110664719
176194871,Catharus minimus,0,https://www.inaturalist.org/photos/176194871
12477310,Catharus minimus,0,https://www.inaturalist.org/photos/12477310
110664715,Catharus minimus,0,https://www.inaturalist.org/photos/110664715
29707354,Catharus minimus,0,https://www.inaturalist.org/photos/29707354
383212316,Catharus minimus,0,https://www.inaturalist.org/photos/383212316
13987341,Catharus minimus,0,https://www.inaturalist.org/photos/13987341
173938705,Catharus minimus,0,https://www.inaturalist.org/photos/173938705
175517721,Catharus minimus,0,https://www.inaturalist.org/photos/175517721
117853599,Catharus minimus,0,https://www.inaturalist.org/photos/117853599
383212256,Catharus minimus,0,https://www.inaturalist.org/photos/383212256
63693715,Catharus minimus,0,https://www.inaturalist.org/photos/63693715
175218516,Catharus minimus,0,https://www.inaturalist.org/photos/175218516
383212284,Catharus minimus,0,https://www.inaturalist.org/photos/383212284
176887858,Catharus minimus,0,https://www.inaturalist.org/photos/176887858
82380302,Catharus minimus,0,https://www.inaturalist.org/photos/82380302
21189443,Catharus minimus,0,https://www.inaturalist.org/photos/21189443
12410067,Catharus minimus,0,https://www.inaturalist.org/photos/12410067
176613318,Catharus minimus,0,https://www.inaturalist.org/photos/176613318
82380278,Catharus minimus,0,https://www.inaturalist.org/photos/82380278
277427344,Catharus minimus,0,https://www.inaturalist.org/photos/277427344
383212360,Catharus minimus,0,https://www.inaturalist.org/photos/383212360
176070386,Catharus minimus,0,https://www.inaturalist.org/photos/176070386
338296637,Catharus minimus,0,https://www.inaturalist.org/photos/338296637
12410065,Catharus minimus,0,https://www.inaturalist.org/photos/12410065
29707351,Catharus minimus,0,https://www.inaturalist.org/photos/29707351
111041773,Catharus minimus,0,https://www.inaturalist.org/photos/111041773
277427298,Catharus minimus,0,https://www.inaturalist.org/photos/277427298
346734567,Catharus minimus,0,https://www.inaturalist.org/photos/346734567
175269752,Catharus minimus,0,https://www.inaturalist.org/photos/175269752
251738298,Catharus minimus,0,https://www.inaturalist.org/photos/251738298
277427283,Catharus minimus,0,https://www.inaturalist.org/photos/277427283
108737451,Catharus minimus,0,https://www.inaturalist.org/photos/108737451
33062146,Catharus minimus,0,https://www.inaturalist.org/photos/33062146
277427358,Catharus minimus,0,https://www.inaturalist.org/photos/277427358
177806722,Catharus minimus,0,https://www.inaturalist.org/photos/177806722
91700713,Catharus minimus,0,https://www.inaturalist.org/photos/91700713
63352076,Catharus minimus,0,https://www.inaturalist.org/photos/63352076
29707355,Catharus minimus,0,https://www.inaturalist.org/photos/29707355
353011548,Catharus minimus,0,https://www.inaturalist.org/photos/353011548
342092558,Catharus minimus,0,https://www.inaturalist.org/photos/342092558
277427252,Catharus minimus,0,https://www.inaturalist.org/photos/277427252
82380253,Catharus minimus,0,https://www.inaturalist.org/photos/82380253
348831036,Catharus minimus,0,https://www.inaturalist.org/photos/348831036
175950578,Catharus minimus,0,https://www.inaturalist.org/photos/175950578
64714185,Catharus minimus,0,https://www.inaturalist.org/photos/64714185
251189588,Catharus minimus,0,https://www.inaturalist.org/photos/251189588
175950737,Catharus minimus,0,https://www.inaturalist.org/photos/175950737
63087549,Catharus minimus,0,https://www.inaturalist.org/photos/63087549
302977285,Catharus minimus,0,https://www.inaturalist.org/photos/302977285
346937301,Catharus minimus,0,https://www.inaturalist.org/photos/346937301
354475702,Catharus minimus,0,https://www.inaturalist.org/photos/354475702
165485834,Catharus minimus,0,https://www.inaturalist.org/photos/165485834
346937302,Catharus minimus,0,https://www.inaturalist.org/photos/346937302
175269769,Catharus minimus,0,https://www.inaturalist.org/photos/175269769