photo_id,species,marked,inat_url
354624105,Melanerpes carolinus,0,https://www.inaturalist.org/photos/354624105
30287861,Melanerpes carolinus,0,https://www.inaturalist.org/photos/30287861
29488928,Melanerpes carolinus,0,https://www.inaturalist.org/photos/29488928
179137125,Melanerpes carolinus,0,https://www.inaturalist.org/photos/179137125
179919081,Melanerpes carolinus,0,https://www.inaturalist.org/photos/179919081
354624115,Melanerpes carolinus,0,https://www.inaturalist.org/photos/354624115
340374689,Melanerpes carolinus,0,https://www.inaturalist.org/photos/340374689
175819373,Melanerpes carolinus,0,https://www.inaturalist.org/photos/175819373
57927162,Melanerpes carolinus,0,https://www.inaturalist.org/photos/57927162
31362052,Melanerpes carolinus,0,https://www.inaturalist.org/photos/31362052
350098652,Melanerpes carolinus,0,https://www.inaturalist.org/photos/350098652
349536678,Melanerpes carolinus,0,https://www.inaturalist.org/photos/349536678
344481932,Melanerpes carolinus,0,https://www.inaturalist.org/photos/344481932
59526123,Melanerpes carolinus,0,https://www.inaturalist.org/photos/59526123
348781620,Melanerpes carolinus,0,https://www.inaturalist.org/photos/348781620
106977027,Melanerpes carolinus,0,https://www.inaturalist.org/photos/106977027
431758651,Melanerpes carolinus,0,https://www.inaturalist.org/photos/431758651
348148485,Melanerpes carolinus,0,https://www.inaturalist.org/photos/348148485
106977026,Melanerpes carolinus,0,https://www.inaturalist.org/photos/106977026
353617263,Melanerpes carolinus,0,https://www.inaturalist.org/photos/353617263
13037233,Melanerpes carolinus,0,https://www.inaturalist.org/photos/13037233
158994771,Melanerpes carolinus,0,https://www.inaturalist.org/photos/158994771
250149786,Melanerpes carolinus,0,https://www.inaturalist.org/photos/250149786
343467034,Melanerpes carolinus,0,https://www.inaturalist.org/photos/343467034
109033250,Melanerpes carolinus,0,https://www.inaturalist.org/photos/109033250
110964893,Melanerpes carolinus,0,https://www.inaturalist.org/photos/110964893
353211936,Melanerpes carolinus,0,https://www.inaturalist.org/photos/353211936
247389919,Melanerpes carolinus,0,https://www.inaturalist.org/photos/247389919
254327950,Melanerpes carolinus,0,https://www.inaturalist.org/photos/254327950
21748980,Melanerpes carolinus,0,https://www.inaturalist.org/photos/21748980
340726442,Melanerpes carolinus,0,https://www.inaturalist.org/photos/340726442
352686169,Melanerpes carolinus,0,https://www.inaturalist.org/photos/352686169
62119496,Melanerpes carolinus,0,https://www.inaturalist.org/photos/62119496
174973782,Melanerpes carolinus,0,https://www.inaturalist.org/photos/174973782
252143133,Melanerpes carolinus,0,https://www.inaturalist.org/photos/252143133
174476784,Melanerpes carolinus,0,https://www.inaturalist.org/photos/174476784
60260520,Melanerpes carolinus,0,https://www.inaturalist.org/photos/60260520
177486828,Melanerpes carolinus,0,https://www.inaturalist.org/photos/177486828
172324240,Melanerpes carolinus,0,https://www.inaturalist.org/photos/172324240
176813416,Melanerpes carolinus,0,https://www.inaturalist.org/photos/176813416
6399365,Melanerpes carolinus,0,https://www.inaturalist.org/photos/6399365
58834527,Melanerpes carolinus,0,https://www.inaturalist.org/photos/58834527
349146135,Melanerpes carolinus,0,https://www.inaturalist.org/photos/349146135
248285439,Melanerpes carolinus,0,https://www.inaturalist.org/photos/248285439
375629114,Melanerpes carolinus,0,https://www.inaturalist.org/photos/375629114
328398483,Melanerpes carolinus,0,https://www.inaturalist.org/photos/328398483
108451046,Melanerpes carolinus,0,https://www.inaturalist.org/photos/108451046
112386590,Melanerpes carolinus,0,https://www.inaturalist.org/photos/112386590
55243103,Melanerpes carolinus,0,https://www.inaturalist.org/photos/55243103
250498371,Melanerpes carolinus,0,https://www.inaturalist.org/photos/250498371
349804516,Melanerpes carolinus,0,https://www.inaturalist.org/photos/349804516
57365150,Melanerpes carolinus,0,https://www.inaturalist.org/photos/57365150
248856650,Melanerpes carolinus,0,https://www.inaturalist.org/photos/248856650
12570379,Melanerpes carolinus,0,https://www.inaturalist.org/photos/12570379
185708693,Melanerpes carolinus,0,https://www.inaturalist.org/photos/185708693
108574264,Melanerpes carolinus,0,https://www.inaturalist.org/photos/108574264
251642840,Melanerpes carolinus,0,https://www.inaturalist.org/photos/251642840
107338396,Melanerpes carolinus,0,https://www.inaturalist.org/photos/107338396
6264092,Melanerpes carolinus,0,https://www.inaturalist.org/photos/6264092
66749944,Melanerpes carolinus,0,https://www.inaturalist.org/photos/66749944
172408672,Melanerpes carolinus,0,https://www.inaturalist.org/photos/172408672
113320550,Melanerpes carolinus,0,https://www.inaturalist.org/photos/113320550
184070896,Melanerpes carolinus,0,https://www.inaturalist.org/photos/184070896
353000678,Melanerpes carolinus,0,https://www.inaturalist.org/photos/353000678
249168826,Melanerpes carolinus,0,https://www.inaturalist.org/photos/249168826
58708938,Melanerpes carolinus,0,https://www.inaturalist.org/photos/58708938
256741965,Melanerpes carolinus,0,https://www.inaturalist.org/photos/256741965
60365007,Melanerpes carolinus,0,https://www.inaturalist.org/photos/60365007
346901117,Melanerpes carolinus,0,https://www.inaturalist.org/photos/346901117
13725302,Melanerpes carolinus,0,https://www.inaturalist.org/photos/13725302
252567344,Melanerpes carolinus,0,https://www.inaturalist.org/photos/252567344
179429793,Melanerpes carolinus,0,https://www.inaturalist.org/photos/179429793
246968885,Melanerpes carolinus,0,https://www.inaturalist.org/photos/246968885
260856791,Melanerpes carolinus,0,https://www.inaturalist.org/photos/260856791
348913613,Melanerpes carolinus,0,https://www.inaturalist.org/photos/348913613
177694554,Melanerpes carolinus,0,https://www.inaturalist.org/photos/177694554
30724881,Melanerpes carolinus,0,https://www.inaturalist.org/photos/30724881
61162548,Melanerpes carolinus,0,https://www.inaturalist.org/photos/61162548
343703211,Melanerpes carolinus,0,https://www.inaturalist.org/photos/343703211
353192461,Melanerpes carolinus,0,https://www.inaturalist.org/photos/353192461
109312010,Melanerpes carolinus,0,https://www.inaturalist.org/photos/109312010
174617242,Melanerpes carolinus,0,https://www.inaturalist.org/photos/174617242
110302271,Melanerpes carolinus,0,https://www.inaturalist.org/photos/110302271
28762216,Melanerpes carolinus,0,https://www.inaturalist.org/photos/28762216
176813436,Melanerpes carolinus,0,https://www.inaturalist.org/photos/176813436
112407719,Melanerpes carolinus,0,https://www.inaturalist.org/photos/112407719
340287707,Melanerpes carolinus,0,https://www.inaturalist.org/photos/340287707
250922557,Melanerpes carolinus,0,https://www.inaturalist.org/photos/250922557
31170090,Melanerpes carolinus,0,https://www.inaturalist.org/photos/31170090
60183192,Melanerpes carolinus,0,https://www.inaturalist.org/photos/60183192
111164690,Melanerpes carolinus,0,https://www.inaturalist.org/photos/111164690
12887659,Melanerpes carolinus,0,https://www.inaturalist.org/photos/12887659
178863087,Melanerpes carolinus,0,https://www.inaturalist.org/photos/178863087
28820364,Melanerpes carolinus,0,https://www.inaturalist.org/photos/28820364
172713330,Melanerpes carolinus,0,https://www.inaturalist.org/photos/172713330
110305528,Melanerpes carolinus,0,https://www.inaturalist.org/photos/110305528
13725295,Melanerpes carolinus,0,https://www.inaturalist.org/photos/13725295
346371111,Melanerpes carolinus,0,https://www.inaturalist.org/photos/346371111
171692360,Melanerpes carolinus,0,https://www.inaturalist.org/photos/171692360
344911381,Melanerpes carolinus,0,https://www.inaturalist.org/photos/344911381
256741959,Melanerpes carolinus,0,https://www.inaturalist.org/photos/256741959
342686409,Melanerpes carolinus,0,https://www.inaturalist.org/photos/342686409
345285136,Melanerpes carolinus,0,https://www.inaturalist.org/photos/345285136
108704777,Melanerpes carolinus,0,https://www.inaturalist.org/photos/108704777
246663102,Melanerpes carolinus,0,https://www.inaturalist.org/photos/246663102
12151540,Melanerpes carolinus,0,https://www.inaturalist.org/photos/12151540
12471142,Melanerpes carolinus,0,https://www.inaturalist.org/photos/12471142
419811837,Melanerpes carolinus,0,https://www.inaturalist.org/photos/419811837
252943079,Melanerpes carolinus,0,https://www.inaturalist.org/photos/252943079
421417054,Melanerpes carolinus,0,https://www.inaturalist.org/photos/421417054
256644486,Melanerpes carolinus,0,https://www.inaturalist.org/photos/256644486
112483646,Melanerpes carolinus,0,https://www.inaturalist.org/photos/112483646
110334135,Melanerpes carolinus,0,https://www.inaturalist.org/photos/110334135
349805132,Melanerpes carolinus,0,https://www.inaturalist.org/photos/349805132
7564284,Melanerpes carolinus,0,https://www.inaturalist.org/photos/7564284
171670352,Melanerpes carolinus,0,https://www.inaturalist.org/photos/171670352
115012012,Melanerpes carolinus,0,https://www.inaturalist.org/photos/115012012
253123523,Melanerpes carolinus,0,https://www.inaturalist.org/photos/253123523
175257534,Melanerpes carolinus,0,https://www.inaturalist.org/photos/175257534
248133813,Melanerpes carolinus,0,https://www.inaturalist.org/photos/248133813
253824090,Melanerpes carolinus,0,https://www.inaturalist.org/photos/253824090
256335200,Melanerpes carolinus,0,https://www.inaturalist.org/photos/256335200
175559774,Melanerpes carolinus,0,https://www.inaturalist.org/photos/175559774
112717311,Melanerpes carolinus,0,https://www.inaturalist.org/photos/112717311
354228522,Melanerpes carolinus,0,https://www.inaturalist.org/photos/354228522
350776489,Melanerpes carolinus,0,https://www.inaturalist.org/photos/350776489
436495080,Melanerpes carolinus,0,https://www.inaturalist.org/photos/436495080
12517426,Melanerpes carolinus,0,https://www.inaturalist.org/photos/12517426
316142598,Melanerpes carolinus,0,https://www.inaturalist.org/photos/316142598
31184741,Melanerpes carolinus,0,https://www.inaturalist.org/photos/31184741
61610362,Melanerpes carolinus,0,https://www.inaturalist.org/photos/61610362
170982614,Melanerpes carolinus,0,https://www.inaturalist.org/photos/170982614
110466720,Melanerpes carolinus,0,https://www.inaturalist.org/photos/110466720
644942,Melanerpes carolinus,0,https://www.inaturalist.org/photos/644942
112386583,Melanerpes carolinus,0,https://www.inaturalist.org/photos/112386583
31579595,Melanerpes carolinus,0,https://www.inaturalist.org/photos/31579595
29057320,Melanerpes carolinus,0,https://www.inaturalist.org/photos/29057320
29769345,Melanerpes carolinus,0,https://www.inaturalist.org/photos/29769345
58237009,Melanerpes carolinus,0,https://www.inaturalist.org/photos/58237009
179480756,Melanerpes carolinus,0,https://www.inaturalist.org/photos/179480756
58548267,Melanerpes carolinus,0,https://www.inaturalist.org/photos/58548267
176039076,Melanerpes carolinus,0,https://www.inaturalist.org/photos/176039076
351522887,Melanerpes carolinus,0,https://www.inaturalist.org/photos/351522887
107288428,Melanerpes carolinus,0,https://www.inaturalist.org/photos/107288428
110302404,Melanerpes carolinus,0,https://www.inaturalist.org/photos/110302404
30013610,Melanerpes carolinus,0,https://www.inaturalist.org/photos/30013610
343418287,Melanerpes carolinus,0,https://www.inaturalist.org/photos/343418287
174593634,Melanerpes carolinus,0,https://www.inaturalist.org/photos/174593634
343694400,Melanerpes carolinus,0,https://www.inaturalist.org/photos/343694400
60052190,Melanerpes carolinus,0,https://www.inaturalist.org/photos/60052190
176211945,Melanerpes carolinus,0,https://www.inaturalist.org/photos/176211945
30359452,Melanerpes carolinus,0,https://www.inaturalist.org/photos/30359452
173051649,Melanerpes carolinus,0,https://www.inaturalist.org/photos/173051649
152744796,Melanerpes carolinus,0,https://www.inaturalist.org/photos/152744796
257218342,Melanerpes carolinus,0,https://www.inaturalist.org/photos/257218342
171887957,Melanerpes carolinus,0,https://www.inaturalist.org/photos/171887957
252205697,Melanerpes carolinus,0,https://www.inaturalist.org/photos/252205697
177387823,Melanerpes carolinus,0,https://www.inaturalist.org/photos/177387823
350895375,Melanerpes carolinus,0,https://www.inaturalist.org/photos/350895375
350984319,Melanerpes carolinus,0,https://www.inaturalist.org/photos/350984319
346483535,Melanerpes carolinus,0,https://www.inaturalist.org/photos/346483535
226388026,Melanerpes carolinus,0,https://www.inaturalist.org/photos/226388026
180569829,Melanerpes carolinus,0,https://www.inaturalist.org/photos/180569829
347354593,Melanerpes carolinus,0,https://www.inaturalist.org/photos/347354593
252483182,Melanerpes carolinus,0,https://www.inaturalist.org/photos/252483182
341215627,Melanerpes carolinus,0,https://www.inaturalist.org/photos/341215627
172568464,Melanerpes carolinus,0,https://www.inaturalist.org/photos/172568464
60042647,Melanerpes carolinus,0,https://www.inaturalist.org/photos/60042647
13767449,Melanerpes carolinus,0,https://www.inaturalist.org/photos/13767449
12620091,Melanerpes carolinus,0,https://www.inaturalist.org/photos/12620091
175177596,Melanerpes carolinus,0,https://www.inaturalist.org/photos/175177596
110014686,Melanerpes carolinus,0,https://www.inaturalist.org/photos/110014686
180536579,Melanerpes carolinus,0,https://www.inaturalist.org/photos/180536579
253679243,Melanerpes carolinus,0,https://www.inaturalist.org/photos/253679243
349938607,Melanerpes carolinus,0,https://www.inaturalist.org/photos/349938607
347452473,Melanerpes carolinus,0,https://www.inaturalist.org/photos/347452473
249700597,Melanerpes carolinus,0,https://www.inaturalist.org/photos/249700597
339968577,Melanerpes carolinus,0,https://www.inaturalist.org/photos/339968577
176406181,Melanerpes carolinus,0,https://www.inaturalist.org/photos/176406181
182021709,Melanerpes carolinus,0,https://www.inaturalist.org/photos/182021709
65050837,Melanerpes carolinus,0,https://www.inaturalist.org/photos/65050837
109417873,Melanerpes carolinus,0,https://www.inaturalist.org/photos/109417873
344453394,Melanerpes carolinus,0,https://www.inaturalist.org/photos/344453394
60784472,Melanerpes carolinus,0,https://www.inaturalist.org/photos/60784472
180805172,Melanerpes carolinus,0,https://www.inaturalist.org/photos/180805172
340374677,Melanerpes carolinus,0,https://www.inaturalist.org/photos/340374677
13185378,Melanerpes carolinus,0,https://www.inaturalist.org/photos/13185378
172628452,Melanerpes carolinus,0,https://www.inaturalist.org/photos/172628452
109030773,Melanerpes carolinus,0,https://www.inaturalist.org/photos/109030773
342609457,Melanerpes carolinus,0,https://www.inaturalist.org/photos/342609457
343021116,Melanerpes carolinus,0,https://www.inaturalist.org/photos/343021116
98110548,Melanerpes carolinus,0,https://www.inaturalist.org/photos/98110548
345057720,Melanerpes carolinus,0,https://www.inaturalist.org/photos/345057720
251649281,Melanerpes carolinus,0,https://www.inaturalist.org/photos/251649281
29726427,Melanerpes carolinus,0,https://www.inaturalist.org/photos/29726427
179518319,Melanerpes carolinus,0,https://www.inaturalist.org/photos/179518319
29944815,Melanerpes carolinus,0,https://www.inaturalist.org/photos/29944815
177468821,Melanerpes carolinus,0,https://www.inaturalist.org/photos/177468821
30832648,Melanerpes carolinus,0,https://www.inaturalist.org/photos/30832648
251148986,Melanerpes carolinus,0,https://www.inaturalist.org/photos/251148986
257485371,Melanerpes carolinus,0,https://www.inaturalist.org/photos/257485371
344550582,Melanerpes carolinus,0,https://www.inaturalist.org/photos/344550582
343395261,Melanerpes carolinus,0,https://www.inaturalist.org/photos/343395261
180720519,Melanerpes carolinus,0,https://www.inaturalist.org/photos/180720519
179762195,Melanerpes carolinus,0,https://www.inaturalist.org/photos/179762195
180002125,Melanerpes carolinus,0,https://www.inaturalist.org/photos/180002125
3084953,Melanerpes carolinus,0,https://www.inaturalist.org/photos/3084953
419003585,Melanerpes carolinus,0,https://www.inaturalist.org/photos/419003585
112628144,Melanerpes carolinus,0,https://www.inaturalist.org/photos/112628144
260399007,Melanerpes carolinus,0,https://www.inaturalist.org/photos/260399007
340102396,Melanerpes carolinus,0,https://www.inaturalist.org/photos/340102396
258768513,Melanerpes carolinus,0,https://www.inaturalist.org/photos/258768513
237746921,Melanerpes carolinus,0,https://www.inaturalist.org/photos/237746921
45374143,Melanerpes carolinus,0,https://www.inaturalist.org/photos/45374143
171631218,Melanerpes carolinus,0,https://www.inaturalist.org/photos/171631218
178530764,Melanerpes carolinus,0,https://www.inaturalist.org/photos/178530764
636856,Melanerpes carolinus,0,https://www.inaturalist.org/photos/636856
352217596,Melanerpes carolinus,0,https://www.inaturalist.org/photos/352217596
176495596,Melanerpes carolinus,0,https://www.inaturalist.org/photos/176495596
57426132,Melanerpes carolinus,0,https://www.inaturalist.org/photos/57426132
109870302,Melanerpes carolinus,0,https://www.inaturalist.org/photos/109870302
58199151,Melanerpes carolinus,0,https://www.inaturalist.org/photos/58199151
342620412,Melanerpes carolinus,0,https://www.inaturalist.org/photos/342620412
346084326,Melanerpes carolinus,0,https://www.inaturalist.org/photos/346084326
348760555,Melanerpes carolinus,0,https://www.inaturalist.org/photos/348760555
113222547,Melanerpes carolinus,0,https://www.inaturalist.org/photos/113222547
348832453,Melanerpes carolinus,0,https://www.inaturalist.org/photos/348832453
114286960,Melanerpes carolinus,0,https://www.inaturalist.org/photos/114286960
2730146,Melanerpes carolinus,0,https://www.inaturalist.org/photos/2730146
109699596,Melanerpes carolinus,0,https://www.inaturalist.org/photos/109699596
59989318,Melanerpes carolinus,0,https://www.inaturalist.org/photos/59989318
106503094,Melanerpes carolinus,0,https://www.inaturalist.org/photos/106503094
174740562,Melanerpes carolinus,0,https://www.inaturalist.org/photos/174740562
342609369,Melanerpes carolinus,0,https://www.inaturalist.org/photos/342609369
247416459,Melanerpes carolinus,0,https://www.inaturalist.org/photos/247416459
109870253,Melanerpes carolinus,0,https://www.inaturalist.org/photos/109870253
12583226,Melanerpes carolinus,0,https://www.inaturalist.org/photos/12583226
348686530,Melanerpes carolinus,0,https://www.inaturalist.org/photos/348686530
181136341,Melanerpes carolinus,0,https://www.inaturalist.org/photos/181136341
173339177,Melanerpes carolinus,0,https://www.inaturalist.org/photos/173339177
258376813,Melanerpes carolinus,0,https://www.inaturalist.org/photos/258376813
106977031,Melanerpes carolinus,0,https://www.inaturalist.org/photos/106977031
59781649,Melanerpes carolinus,0,https://www.inaturalist.org/photos/59781649
114793925,Melanerpes carolinus,0,https://www.inaturalist.org/photos/114793925
13724888,Melanerpes carolinus,0,https://www.inaturalist.org/photos/13724888
175508569,Melanerpes carolinus,0,https://www.inaturalist.org/photos/175508569
250092470,Melanerpes carolinus,0,https://www.inaturalist.org/photos/250092470
253817997,Melanerpes carolinus,0,https://www.inaturalist.org/photos/253817997
57728664,Melanerpes carolinus,0,https://www.inaturalist.org/photos/57728664
112014041,Melanerpes carolinus,0,https://www.inaturalist.org/photos/112014041
342451862,Melanerpes carolinus,0,https://www.inaturalist.org/photos/342451862
340726428,Melanerpes carolinus,0,https://www.inaturalist.org/photos/340726428
340511808,Melanerpes carolinus,0,https://www.inaturalist.org/photos/340511808
57767248,Melanerpes carolinus,0,https://www.inaturalist.org/photos/57767248
348760557,Melanerpes carolinus,0,https://www.inaturalist.org/photos/348760557
59304395,Melanerpes carolinus,0,https://www.inaturalist.org/photos/59304395
2755117,Melanerpes carolinus,0,https://www.inaturalist.org/photos/2755117
12148428,Melanerpes carolinus,0,https://www.inaturalist.org/photos/12148428
13341828,Melanerpes carolinus,0,https://www.inaturalist.org/photos/13341828
114793890,Melanerpes carolinus,0,https://www.inaturalist.org/photos/114793890
341825215,Melanerpes carolinus,0,https://www.inaturalist.org/photos/341825215
249111129,Melanerpes carolinus,0,https://www.inaturalist.org/photos/249111129
349028622,Melanerpes carolinus,0,https://www.inaturalist.org/photos/349028622
106354398,Melanerpes carolinus,0,https://www.inaturalist.org/photos/106354398
109945582,Melanerpes carolinus,0,https://www.inaturalist.org/photos/109945582
349348060,Melanerpes carolinus,0,https://www.inaturalist.org/photos/349348060
172418308,Melanerpes carolinus,0,https://www.inaturalist.org/photos/172418308
112386596,Melanerpes carolinus,0,https://www.inaturalist.org/photos/112386596
342937470,Melanerpes carolinus,0,https://www.inaturalist.org/photos/342937470
110944645,Melanerpes carolinus,0,https://www.inaturalist.org/photos/110944645
112407425,Melanerpes carolinus,0,https://www.inaturalist.org/photos/112407425
351184707,Melanerpes carolinus,0,https://www.inaturalist.org/photos/351184707
2992405,Melanerpes carolinus,0,https://www.inaturalist.org/photos/2992405
346309932,Melanerpes carolinus,0,https://www.inaturalist.org/photos/346309932
180959623,Melanerpes carolinus,0,https://www.inaturalist.org/photos/180959623
363936215,Melanerpes carolinus,0,https://www.inaturalist.org/photos/363936215
254993312,Melanerpes carolinus,0,https://www.inaturalist.org/photos/254993312
249500690,Melanerpes carolinus,0,https://www.inaturalist.org/photos/249500690
109398825,Melanerpes carolinus,0,https://www.inaturalist.org/photos/109398825
176813428,Melanerpes carolinus,0,https://www.inaturalist.org/photos/176813428
346757974,Melanerpes carolinus,0,https://www.inaturalist.org/photos/346757974
353007783,Melanerpes carolinus,0,https://www.inaturalist.org/photos/353007783
58404338,Melanerpes carolinus,0,https://www.inaturalist.org/photos/58404338
27691699,Melanerpes carolinus,0,https://www.inaturalist.org/photos/27691699
347261205,Melanerpes carolinus,0,https://www.inaturalist.org/photos/347261205
111264430,Melanerpes carolinus,0,https://www.inaturalist.org/photos/111264430
346266522,Melanerpes carolinus,0,https://www.inaturalist.org/photos/346266522
5394857,Melanerpes carolinus,0,https://www.inaturalist.org/photos/5394857
31224983,Melanerpes carolinus,0,https://www.inaturalist.org/photos/31224983
12169909,Melanerpes carolinus,0,https://www.inaturalist.org/photos/12169909
250125658,Melanerpes carolinus,0,https://www.inaturalist.org/photos/250125658
59741480,Melanerpes carolinus,0,https://www.inaturalist.org/photos/59741480
350717833,Melanerpes carolinus,0,https://www.inaturalist.org/photos/350717833
180651676,Melanerpes carolinus,0,https://www.inaturalist.org/photos/180651676
341681275,Melanerpes carolinus,0,https://www.inaturalist.org/photos/341681275
252320008,Melanerpes carolinus,0,https://www.inaturalist.org/photos/252320008
12498509,Melanerpes carolinus,0,https://www.inaturalist.org/photos/12498509
176813466,Melanerpes carolinus,0,https://www.inaturalist.org/photos/176813466
170990949,Melanerpes carolinus,0,https://www.inaturalist.org/photos/170990949
253289982,Melanerpes carolinus,0,https://www.inaturalist.org/photos/253289982
12292116,Melanerpes carolinus,0,https://www.inaturalist.org/photos/12292116
316142616,Melanerpes carolinus,0,https://www.inaturalist.org/photos/316142616
12744231,Melanerpes carolinus,0,https://www.inaturalist.org/photos/12744231
351317469,Melanerpes carolinus,0,https://www.inaturalist.org/photos/351317469
257640628,Melanerpes carolinus,0,https://www.inaturalist.org/photos/257640628
108768501,Melanerpes carolinus,0,https://www.inaturalist.org/photos/108768501
114396121,Melanerpes carolinus,0,https://www.inaturalist.org/photos/114396121
60052185,Melanerpes carolinus,0,https://www.inaturalist.org/photos/60052185
33921619,Melanerpes carolinus,0,https://www.inaturalist.org/photos/33921619
346543528,Melanerpes carolinus,0,https://www.inaturalist.org/photos/346543528
258341629,Melanerpes carolinus,0,https://www.inaturalist.org/photos/258341629
106765685,Melanerpes carolinus,0,https://www.inaturalist.org/photos/106765685
59989315,Melanerpes carolinus,0,https://www.inaturalist.org/photos/59989315
343516299,Melanerpes carolinus,0,https://www.inaturalist.org/photos/343516299
177590600,Melanerpes carolinus,0,https://www.inaturalist.org/photos/177590600
114396116,Melanerpes carolinus,0,https://www.inaturalist.org/photos/114396116
247887987,Melanerpes carolinus,0,https://www.inaturalist.org/photos/247887987
172112616,Melanerpes carolinus,0,https://www.inaturalist.org/photos/172112616
180720530,Melanerpes carolinus,0,https://www.inaturalist.org/photos/180720530
344358636,Melanerpes carolinus,0,https://www.inaturalist.org/photos/344358636
254394629,Melanerpes carolinus,0,https://www.inaturalist.org/photos/254394629
344359972,Melanerpes carolinus,0,https://www.inaturalist.org/photos/344359972
248134364,Melanerpes carolinus,0,https://www.inaturalist.org/photos/248134364
162459872,Melanerpes carolinus,0,https://www.inaturalist.org/photos/162459872
352052085,Melanerpes carolinus,0,https://www.inaturalist.org/photos/352052085
12532263,Melanerpes carolinus,0,https://www.inaturalist.org/photos/12532263
344543307,Melanerpes carolinus,0,https://www.inaturalist.org/photos/344543307
12386954,Melanerpes carolinus,0,https://www.inaturalist.org/photos/12386954
13027925,Melanerpes carolinus,0,https://www.inaturalist.org/photos/13027925
352259721,Melanerpes carolinus,0,https://www.inaturalist.org/photos/352259721
246968895,Melanerpes carolinus,0,https://www.inaturalist.org/photos/246968895
256103306,Melanerpes carolinus,0,https://www.inaturalist.org/photos/256103306
113139239,Melanerpes carolinus,0,https://www.inaturalist.org/photos/113139239
346611023,Melanerpes carolinus,0,https://www.inaturalist.org/photos/346611023
109241557,Melanerpes carolinus,0,https://www.inaturalist.org/photos/109241557
247390016,Melanerpes carolinus,0,https://www.inaturalist.org/photos/247390016
59539531,Melanerpes carolinus,0,https://www.inaturalist.org/photos/59539531
346476825,Melanerpes carolinus,0,https://www.inaturalist.org/photos/346476825
177661406,Melanerpes carolinus,0,https://www.inaturalist.org/photos/177661406
176813452,Melanerpes carolinus,0,https://www.inaturalist.org/photos/176813452
255984279,Melanerpes carolinus,0,https://www.inaturalist.org/photos/255984279
355151901,Melanerpes carolinus,0,https://www.inaturalist.org/photos/355151901
62348241,Melanerpes carolinus,0,https://www.inaturalist.org/photos/62348241
110520461,Melanerpes carolinus,0,https://www.inaturalist.org/photos/110520461
347259959,Melanerpes carolinus,0,https://www.inaturalist.org/photos/347259959
112065690,Melanerpes carolinus,0,https://www.inaturalist.org/photos/112065690
252026457,Melanerpes carolinus,0,https://www.inaturalist.org/photos/252026457
250092404,Melanerpes carolinus,0,https://www.inaturalist.org/photos/250092404
350986325,Melanerpes carolinus,0,https://www.inaturalist.org/photos/350986325
61859715,Melanerpes carolinus,0,https://www.inaturalist.org/photos/61859715
5418936,Melanerpes carolinus,0,https://www.inaturalist.org/photos/5418936
340239166,Melanerpes carolinus,0,https://www.inaturalist.org/photos/340239166
353385937,Melanerpes carolinus,0,https://www.inaturalist.org/photos/353385937
28166607,Melanerpes carolinus,0,https://www.inaturalist.org/photos/28166607
33259669,Melanerpes carolinus,0,https://www.inaturalist.org/photos/33259669
31278351,Melanerpes carolinus,0,https://www.inaturalist.org/photos/31278351
28103701,Melanerpes carolinus,0,https://www.inaturalist.org/photos/28103701
252634187,Melanerpes carolinus,0,https://www.inaturalist.org/photos/252634187
346757973,Melanerpes carolinus,0,https://www.inaturalist.org/photos/346757973
61847122,Melanerpes carolinus,0,https://www.inaturalist.org/photos/61847122
250629408,Melanerpes carolinus,0,https://www.inaturalist.org/photos/250629408
110023521,Melanerpes carolinus,0,https://www.inaturalist.org/photos/110023521
107837709,Melanerpes carolinus,0,https://www.inaturalist.org/photos/107837709
349286291,Melanerpes carolinus,0,https://www.inaturalist.org/photos/349286291
176813403,Melanerpes carolinus,0,https://www.inaturalist.org/photos/176813403
67310463,Melanerpes carolinus,0,https://www.inaturalist.org/photos/67310463
107653184,Melanerpes carolinus,0,https://www.inaturalist.org/photos/107653184
108774260,Melanerpes carolinus,0,https://www.inaturalist.org/photos/108774260
30255603,Melanerpes carolinus,0,https://www.inaturalist.org/photos/30255603
13824013,Melanerpes carolinus,0,https://www.inaturalist.org/photos/13824013
58448149,Melanerpes carolinus,0,https://www.inaturalist.org/photos/58448149
110301990,Melanerpes carolinus,0,https://www.inaturalist.org/photos/110301990
112067556,Melanerpes carolinus,0,https://www.inaturalist.org/photos/112067556
106904672,Melanerpes carolinus,0,https://www.inaturalist.org/photos/106904672
246306282,Melanerpes carolinus,0,https://www.inaturalist.org/photos/246306282
173559036,Melanerpes carolinus,0,https://www.inaturalist.org/photos/173559036
316142600,Melanerpes carolinus,0,https://www.inaturalist.org/photos/316142600
12942928,Melanerpes carolinus,0,https://www.inaturalist.org/photos/12942928
257653574,Melanerpes carolinus,0,https://www.inaturalist.org/photos/257653574
385248425,Melanerpes carolinus,0,https://www.inaturalist.org/photos/385248425
353007802,Melanerpes carolinus,0,https://www.inaturalist.org/photos/353007802
340867282,Melanerpes carolinus,0,https://www.inaturalist.org/photos/340867282
162057301,Melanerpes carolinus,0,https://www.inaturalist.org/photos/162057301
302899354,Melanerpes carolinus,0,https://www.inaturalist.org/photos/302899354
110339790,Melanerpes carolinus,0,https://www.inaturalist.org/photos/110339790
178634506,Melanerpes carolinus,0,https://www.inaturalist.org/photos/178634506
172418236,Melanerpes carolinus,0,https://www.inaturalist.org/photos/172418236
171451667,Melanerpes carolinus,0,https://www.inaturalist.org/photos/171451667
6298406,Melanerpes carolinus,0,https://www.inaturalist.org/photos/6298406
62631812,Melanerpes carolinus,0,https://www.inaturalist.org/photos/62631812
171310294,Melanerpes carolinus,0,https://www.inaturalist.org/photos/171310294
352269451,Melanerpes carolinus,0,https://www.inaturalist.org/photos/352269451
253664535,Melanerpes carolinus,0,https://www.inaturalist.org/photos/253664535
177405198,Melanerpes carolinus,0,https://www.inaturalist.org/photos/177405198
113045096,Melanerpes carolinus,0,https://www.inaturalist.org/photos/113045096
180282527,Melanerpes carolinus,0,https://www.inaturalist.org/photos/180282527
178346068,Melanerpes carolinus,0,https://www.inaturalist.org/photos/178346068
182456103,Melanerpes carolinus,0,https://www.inaturalist.org/photos/182456103
59521024,Melanerpes carolinus,0,https://www.inaturalist.org/photos/59521024
106505963,Melanerpes carolinus,0,https://www.inaturalist.org/photos/106505963
14831020,Melanerpes carolinus,0,https://www.inaturalist.org/photos/14831020
175314601,Melanerpes carolinus,0,https://www.inaturalist.org/photos/175314601
2966319,Melanerpes carolinus,0,https://www.inaturalist.org/photos/2966319
252509450,Melanerpes carolinus,0,https://www.inaturalist.org/photos/252509450
348913602,Melanerpes carolinus,0,https://www.inaturalist.org/photos/348913602
246947392,Melanerpes carolinus,0,https://www.inaturalist.org/photos/246947392
432029449,Melanerpes carolinus,0,https://www.inaturalist.org/photos/432029449
253357037,Melanerpes carolinus,0,https://www.inaturalist.org/photos/253357037
249524989,Melanerpes carolinus,0,https://www.inaturalist.org/photos/249524989
180728615,Melanerpes carolinus,0,https://www.inaturalist.org/photos/180728615
29983322,Melanerpes carolinus,0,https://www.inaturalist.org/photos/29983322
114793912,Melanerpes carolinus,0,https://www.inaturalist.org/photos/114793912
112297364,Melanerpes carolinus,0,https://www.inaturalist.org/photos/112297364
180185873,Melanerpes carolinus,0,https://www.inaturalist.org/photos/180185873
28971196,Melanerpes carolinus,0,https://www.inaturalist.org/photos/28971196
354228540,Melanerpes carolinus,0,https://www.inaturalist.org/photos/354228540
178098568,Melanerpes carolinus,0,https://www.inaturalist.org/photos/178098568
356282204,Melanerpes carolinus,0,https://www.inaturalist.org/photos/356282204
106666536,Melanerpes carolinus,0,https://www.inaturalist.org/photos/106666536
111298731,Melanerpes carolinus,0,https://www.inaturalist.org/photos/111298731
58491617,Melanerpes carolinus,0,https://www.inaturalist.org/photos/58491617
162233712,Melanerpes carolinus,0,https://www.inaturalist.org/photos/162233712
247140039,Melanerpes carolinus,0,https://www.inaturalist.org/photos/247140039
67310497,Melanerpes carolinus,0,https://www.inaturalist.org/photos/67310497
347542926,Melanerpes carolinus,0,https://www.inaturalist.org/photos/347542926
181754524,Melanerpes carolinus,0,https://www.inaturalist.org/photos/181754524
32019642,Melanerpes carolinus,0,https://www.inaturalist.org/photos/32019642
180696594,Melanerpes carolinus,0,https://www.inaturalist.org/photos/180696594
178531792,Melanerpes carolinus,0,https://www.inaturalist.org/photos/178531792
176072018,Melanerpes carolinus,0,https://www.inaturalist.org/photos/176072018
354397442,Melanerpes carolinus,0,https://www.inaturalist.org/photos/354397442
113386036,Melanerpes carolinus,0,https://www.inaturalist.org/photos/113386036
177468843,Melanerpes carolinus,0,https://www.inaturalist.org/photos/177468843
32155153,Melanerpes carolinus,0,https://www.inaturalist.org/photos/32155153
13717563,Melanerpes carolinus,0,https://www.inaturalist.org/photos/13717563
250146771,Melanerpes carolinus,0,https://www.inaturalist.org/photos/250146771
29018144,Melanerpes carolinus,0,https://www.inaturalist.org/photos/29018144
59783554,Melanerpes carolinus,0,https://www.inaturalist.org/photos/59783554
340374661,Melanerpes carolinus,0,https://www.inaturalist.org/photos/340374661
344830400,Melanerpes carolinus,0,https://www.inaturalist.org/photos/344830400
60256817,Melanerpes carolinus,0,https://www.inaturalist.org/photos/60256817
359890865,Melanerpes carolinus,0,https://www.inaturalist.org/photos/359890865
258877359,Melanerpes carolinus,0,https://www.inaturalist.org/photos/258877359
353685390,Melanerpes carolinus,0,https://www.inaturalist.org/photos/353685390
174410790,Melanerpes carolinus,0,https://www.inaturalist.org/photos/174410790
175561431,Melanerpes carolinus,0,https://www.inaturalist.org/photos/175561431
106726932,Melanerpes carolinus,0,https://www.inaturalist.org/photos/106726932
341207320,Melanerpes carolinus,0,https://www.inaturalist.org/photos/341207320
231562893,Melanerpes carolinus,0,https://www.inaturalist.org/photos/231562893
12726775,Melanerpes carolinus,0,https://www.inaturalist.org/photos/12726775
12532264,Melanerpes carolinus,0,https://www.inaturalist.org/photos/12532264
341218431,Melanerpes carolinus,0,https://www.inaturalist.org/photos/341218431
113284290,Melanerpes carolinus,0,https://www.inaturalist.org/photos/113284290
113315012,Melanerpes carolinus,0,https://www.inaturalist.org/photos/113315012
340483725,Melanerpes carolinus,0,https://www.inaturalist.org/photos/340483725
12411282,Melanerpes carolinus,0,https://www.inaturalist.org/photos/12411282
107592282,Melanerpes carolinus,0,https://www.inaturalist.org/photos/107592282
59256141,Melanerpes carolinus,0,https://www.inaturalist.org/photos/59256141
12818616,Melanerpes carolinus,0,https://www.inaturalist.org/photos/12818616
179950512,Melanerpes carolinus,0,https://www.inaturalist.org/photos/179950512
113316224,Melanerpes carolinus,0,https://www.inaturalist.org/photos/113316224
344139479,Melanerpes carolinus,0,https://www.inaturalist.org/photos/344139479
255759574,Melanerpes carolinus,0,https://www.inaturalist.org/photos/255759574
248366430,Melanerpes carolinus,0,https://www.inaturalist.org/photos/248366430
254747967,Melanerpes carolinus,0,https://www.inaturalist.org/photos/254747967
341966367,Melanerpes carolinus,0,https://www.inaturalist.org/photos/341966367
246947384,Melanerpes carolinus,0,https://www.inaturalist.org/photos/246947384
246876446,Melanerpes carolinus,0,https://www.inaturalist.org/photos/246876446
13703578,Melanerpes carolinus,0,https://www.inaturalist.org/photos/13703578
350984544,Melanerpes carolinus,0,https://www.inaturalist.org/photos/350984544
58945594,Melanerpes carolinus,0,https://www.inaturalist.org/photos/58945594
106958618,Melanerpes carolinus,0,https://www.inaturalist.org/photos/106958618
76216177,Melanerpes carolinus,0,https://www.inaturalist.org/photos/76216177
193602206,Melanerpes carolinus,0,https://www.inaturalist.org/photos/193602206
177960765,Melanerpes carolinus,0,https://www.inaturalist.org/photos/177960765
12780829,Melanerpes carolinus,0,https://www.inaturalist.org/photos/12780829
620036,Melanerpes carolinus,0,https://www.inaturalist.org/photos/620036
112910478,Melanerpes carolinus,0,https://www.inaturalist.org/photos/112910478
112792687,Melanerpes carolinus,0,https://www.inaturalist.org/photos/112792687
255407271,Melanerpes carolinus,0,https://www.inaturalist.org/photos/255407271
249105587,Melanerpes carolinus,0,https://www.inaturalist.org/photos/249105587
62034334,Melanerpes carolinus,0,https://www.inaturalist.org/photos/62034334
12598719,Melanerpes carolinus,0,https://www.inaturalist.org/photos/12598719
250596372,Melanerpes carolinus,0,https://www.inaturalist.org/photos/250596372
356282187,Melanerpes carolinus,0,https://www.inaturalist.org/photos/356282187
59536662,Melanerpes carolinus,0,https://www.inaturalist.org/photos/59536662
255574379,Melanerpes carolinus,0,https://www.inaturalist.org/photos/255574379
175077127,Melanerpes carolinus,0,https://www.inaturalist.org/photos/175077127
249734288,Melanerpes carolinus,0,https://www.inaturalist.org/photos/249734288
60938481,Melanerpes carolinus,0,https://www.inaturalist.org/photos/60938481
29194461,Melanerpes carolinus,0,https://www.inaturalist.org/photos/29194461
110412918,Melanerpes carolinus,0,https://www.inaturalist.org/photos/110412918
5925967,Melanerpes carolinus,0,https://www.inaturalist.org/photos/5925967
353007763,Melanerpes carolinus,0,https://www.inaturalist.org/photos/353007763
175311872,Melanerpes carolinus,0,https://www.inaturalist.org/photos/175311872
182437099,Melanerpes carolinus,0,https://www.inaturalist.org/photos/182437099
172929338,Melanerpes carolinus,0,https://www.inaturalist.org/photos/172929338
175454886,Melanerpes carolinus,0,https://www.inaturalist.org/photos/175454886
13319008,Melanerpes carolinus,0,https://www.inaturalist.org/photos/13319008
254833781,Melanerpes carolinus,0,https://www.inaturalist.org/photos/254833781
177661402,Melanerpes carolinus,0,https://www.inaturalist.org/photos/177661402
12678139,Melanerpes carolinus,0,https://www.inaturalist.org/photos/12678139
61084345,Melanerpes carolinus,0,https://www.inaturalist.org/photos/61084345
175677151,Melanerpes carolinus,0,https://www.inaturalist.org/photos/175677151
342103882,Melanerpes carolinus,0,https://www.inaturalist.org/photos/342103882
341489097,Melanerpes carolinus,0,https://www.inaturalist.org/photos/341489097
253288121,Melanerpes carolinus,0,https://www.inaturalist.org/photos/253288121
351522892,Melanerpes carolinus,0,https://www.inaturalist.org/photos/351522892
246991032,Melanerpes carolinus,0,https://www.inaturalist.org/photos/246991032
350689269,Melanerpes carolinus,0,https://www.inaturalist.org/photos/350689269
173682907,Melanerpes carolinus,0,https://www.inaturalist.org/photos/173682907
61241383,Melanerpes carolinus,0,https://www.inaturalist.org/photos/61241383
246947373,Melanerpes carolinus,0,https://www.inaturalist.org/photos/246947373
109138136,Melanerpes carolinus,0,https://www.inaturalist.org/photos/109138136
106958643,Melanerpes carolinus,0,https://www.inaturalist.org/photos/106958643
260053275,Melanerpes carolinus,0,https://www.inaturalist.org/photos/260053275
316142645,Melanerpes carolinus,0,https://www.inaturalist.org/photos/316142645
177468836,Melanerpes carolinus,0,https://www.inaturalist.org/photos/177468836
349460867,Melanerpes carolinus,0,https://www.inaturalist.org/photos/349460867
12865147,Melanerpes carolinus,0,https://www.inaturalist.org/photos/12865147
176799115,Melanerpes carolinus,0,https://www.inaturalist.org/photos/176799115
340483719,Melanerpes carolinus,0,https://www.inaturalist.org/photos/340483719
175197004,Melanerpes carolinus,0,https://www.inaturalist.org/photos/175197004
340239291,Melanerpes carolinus,0,https://www.inaturalist.org/photos/340239291
341207339,Melanerpes carolinus,0,https://www.inaturalist.org/photos/341207339
171414118,Melanerpes carolinus,0,https://www.inaturalist.org/photos/171414118
344550523,Melanerpes carolinus,0,https://www.inaturalist.org/photos/344550523
347776085,Melanerpes carolinus,0,https://www.inaturalist.org/photos/347776085
352255898,Melanerpes carolinus,0,https://www.inaturalist.org/photos/352255898
2765140,Melanerpes carolinus,0,https://www.inaturalist.org/photos/2765140
347560821,Melanerpes carolinus,0,https://www.inaturalist.org/photos/347560821
255407278,Melanerpes carolinus,0,https://www.inaturalist.org/photos/255407278
347492830,Melanerpes carolinus,0,https://www.inaturalist.org/photos/347492830
180728606,Melanerpes carolinus,0,https://www.inaturalist.org/photos/180728606
348079614,Melanerpes carolinus,0,https://www.inaturalist.org/photos/348079614
111818186,Melanerpes carolinus,0,https://www.inaturalist.org/photos/111818186
118065275,Melanerpes carolinus,0,https://www.inaturalist.org/photos/118065275
173780749,Melanerpes carolinus,0,https://www.inaturalist.org/photos/173780749
249246529,Melanerpes carolinus,0,https://www.inaturalist.org/photos/249246529
345286577,Melanerpes carolinus,0,https://www.inaturalist.org/photos/345286577
5817333,Melanerpes carolinus,0,https://www.inaturalist.org/photos/5817333
352259720,Melanerpes carolinus,0,https://www.inaturalist.org/photos/352259720
249943648,Melanerpes carolinus,0,https://www.inaturalist.org/photos/249943648
340678268,Melanerpes carolinus,0,https://www.inaturalist.org/photos/340678268
60536231,Melanerpes carolinus,0,https://www.inaturalist.org/photos/60536231
259433932,Melanerpes carolinus,0,https://www.inaturalist.org/photos/259433932
349896606,Melanerpes carolinus,0,https://www.inaturalist.org/photos/349896606
178956432,Melanerpes carolinus,0,https://www.inaturalist.org/photos/178956432
254747979,Melanerpes carolinus,0,https://www.inaturalist.org/photos/254747979
352510759,Melanerpes carolinus,0,https://www.inaturalist.org/photos/352510759
256491478,Melanerpes carolinus,0,https://www.inaturalist.org/photos/256491478
252205705,Melanerpes carolinus,0,https://www.inaturalist.org/photos/252205705
12148413,Melanerpes carolinus,0,https://www.inaturalist.org/photos/12148413
13151179,Melanerpes carolinus,0,https://www.inaturalist.org/photos/13151179
12386957,Melanerpes carolinus,0,https://www.inaturalist.org/photos/12386957
350548681,Melanerpes carolinus,0,https://www.inaturalist.org/photos/350548681
59274830,Melanerpes carolinus,0,https://www.inaturalist.org/photos/59274830
349231689,Melanerpes carolinus,0,https://www.inaturalist.org/photos/349231689
173799132,Melanerpes carolinus,0,https://www.inaturalist.org/photos/173799132
174619727,Melanerpes carolinus,0,https://www.inaturalist.org/photos/174619727
354090691,Melanerpes carolinus,0,https://www.inaturalist.org/photos/354090691
112493418,Melanerpes carolinus,0,https://www.inaturalist.org/photos/112493418
2958747,Melanerpes carolinus,0,https://www.inaturalist.org/photos/2958747
171101231,Melanerpes carolinus,0,https://www.inaturalist.org/photos/171101231
249854223,Melanerpes carolinus,0,https://www.inaturalist.org/photos/249854223
61177218,Melanerpes carolinus,0,https://www.inaturalist.org/photos/61177218
59989312,Melanerpes carolinus,0,https://www.inaturalist.org/photos/59989312
173908463,Melanerpes carolinus,0,https://www.inaturalist.org/photos/173908463
345415572,Melanerpes carolinus,0,https://www.inaturalist.org/photos/345415572
346577132,Melanerpes carolinus,0,https://www.inaturalist.org/photos/346577132
113788112,Melanerpes carolinus,0,https://www.inaturalist.org/photos/113788112
32267670,Melanerpes carolinus,0,https://www.inaturalist.org/photos/32267670
173879199,Melanerpes carolinus,0,https://www.inaturalist.org/photos/173879199
58148932,Melanerpes carolinus,0,https://www.inaturalist.org/photos/58148932
108518083,Melanerpes carolinus,0,https://www.inaturalist.org/photos/108518083
107740221,Melanerpes carolinus,0,https://www.inaturalist.org/photos/107740221
174411024,Melanerpes carolinus,0,https://www.inaturalist.org/photos/174411024
170982617,Melanerpes carolinus,0,https://www.inaturalist.org/photos/170982617
249501413,Melanerpes carolinus,0,https://www.inaturalist.org/photos/249501413
249734541,Melanerpes carolinus,0,https://www.inaturalist.org/photos/249734541
432107900,Melanerpes carolinus,0,https://www.inaturalist.org/photos/432107900
137981736,Melanerpes carolinus,0,https://www.inaturalist.org/photos/137981736
60748111,Melanerpes carolinus,0,https://www.inaturalist.org/photos/60748111
31225286,Melanerpes carolinus,0,https://www.inaturalist.org/photos/31225286
253168120,Melanerpes carolinus,0,https://www.inaturalist.org/photos/253168120
112894387,Melanerpes carolinus,0,https://www.inaturalist.org/photos/112894387
350047844,Melanerpes carolinus,0,https://www.inaturalist.org/photos/350047844
173678045,Melanerpes carolinus,0,https://www.inaturalist.org/photos/173678045
29057319,Melanerpes carolinus,0,https://www.inaturalist.org/photos/29057319
106499859,Melanerpes carolinus,0,https://www.inaturalist.org/photos/106499859
113536301,Melanerpes carolinus,0,https://www.inaturalist.org/photos/113536301
30117743,Melanerpes carolinus,0,https://www.inaturalist.org/photos/30117743
352424262,Melanerpes carolinus,0,https://www.inaturalist.org/photos/352424262
348013905,Melanerpes carolinus,0,https://www.inaturalist.org/photos/348013905
253286667,Melanerpes carolinus,0,https://www.inaturalist.org/photos/253286667
5721518,Melanerpes carolinus,0,https://www.inaturalist.org/photos/5721518
179982413,Melanerpes carolinus,0,https://www.inaturalist.org/photos/179982413
176037000,Melanerpes carolinus,0,https://www.inaturalist.org/photos/176037000
176819228,Melanerpes carolinus,0,https://www.inaturalist.org/photos/176819228
181356571,Melanerpes carolinus,0,https://www.inaturalist.org/photos/181356571
349600762,Melanerpes carolinus,0,https://www.inaturalist.org/photos/349600762
181129034,Melanerpes carolinus,0,https://www.inaturalist.org/photos/181129034
110505066,Melanerpes carolinus,0,https://www.inaturalist.org/photos/110505066
352013694,Melanerpes carolinus,0,https://www.inaturalist.org/photos/352013694
251225025,Melanerpes carolinus,0,https://www.inaturalist.org/photos/251225025
363936228,Melanerpes carolinus,0,https://www.inaturalist.org/photos/363936228
179599549,Melanerpes carolinus,0,https://www.inaturalist.org/photos/179599549
249996296,Melanerpes carolinus,0,https://www.inaturalist.org/photos/249996296
172339608,Melanerpes carolinus,0,https://www.inaturalist.org/photos/172339608
176023898,Melanerpes carolinus,0,https://www.inaturalist.org/photos/176023898
58148949,Melanerpes carolinus,0,https://www.inaturalist.org/photos/58148949
113282099,Melanerpes carolinus,0,https://www.inaturalist.org/photos/113282099
58717884,Melanerpes carolinus,0,https://www.inaturalist.org/photos/58717884
351074448,Melanerpes carolinus,0,https://www.inaturalist.org/photos/351074448
417908605,Melanerpes carolinus,0,https://www.inaturalist.org/photos/417908605
30108613,Melanerpes carolinus,0,https://www.inaturalist.org/photos/30108613
256149780,Melanerpes carolinus,0,https://www.inaturalist.org/photos/256149780
351975865,Melanerpes carolinus,0,https://www.inaturalist.org/photos/351975865
61351296,Melanerpes carolinus,0,https://www.inaturalist.org/photos/61351296
348642066,Melanerpes carolinus,0,https://www.inaturalist.org/photos/348642066
2813625,Melanerpes carolinus,0,https://www.inaturalist.org/photos/2813625
20898062,Melanerpes carolinus,0,https://www.inaturalist.org/photos/20898062
257005763,Melanerpes carolinus,0,https://www.inaturalist.org/photos/257005763
342073468,Melanerpes carolinus,0,https://www.inaturalist.org/photos/342073468
254603952,Melanerpes carolinus,0,https://www.inaturalist.org/photos/254603952
354428434,Melanerpes carolinus,0,https://www.inaturalist.org/photos/354428434
346266568,Melanerpes carolinus,0,https://www.inaturalist.org/photos/346266568
112407515,Melanerpes carolinus,0,https://www.inaturalist.org/photos/112407515
254070981,Melanerpes carolinus,0,https://www.inaturalist.org/photos/254070981
111668144,Melanerpes carolinus,0,https://www.inaturalist.org/photos/111668144
255817909,Melanerpes carolinus,0,https://www.inaturalist.org/photos/255817909
61107303,Melanerpes carolinus,0,https://www.inaturalist.org/photos/61107303
260205215,Melanerpes carolinus,0,https://www.inaturalist.org/photos/260205215
342806220,Melanerpes carolinus,0,https://www.inaturalist.org/photos/342806220
30108548,Melanerpes carolinus,0,https://www.inaturalist.org/photos/30108548
250150026,Melanerpes carolinus,0,https://www.inaturalist.org/photos/250150026
174588334,Melanerpes carolinus,0,https://www.inaturalist.org/photos/174588334
350416308,Melanerpes carolinus,0,https://www.inaturalist.org/photos/350416308
12671947,Melanerpes carolinus,0,https://www.inaturalist.org/photos/12671947
180604958,Melanerpes carolinus,0,https://www.inaturalist.org/photos/180604958
113384852,Melanerpes carolinus,0,https://www.inaturalist.org/photos/113384852
1457983,Melanerpes carolinus,0,https://www.inaturalist.org/photos/1457983
59697844,Melanerpes carolinus,0,https://www.inaturalist.org/photos/59697844
113727336,Melanerpes carolinus,0,https://www.inaturalist.org/photos/113727336
339629326,Melanerpes carolinus,0,https://www.inaturalist.org/photos/339629326
344176777,Melanerpes carolinus,0,https://www.inaturalist.org/photos/344176777
171621492,Melanerpes carolinus,0,https://www.inaturalist.org/photos/171621492
95119291,Melanerpes carolinus,0,https://www.inaturalist.org/photos/95119291
60042588,Melanerpes carolinus,0,https://www.inaturalist.org/photos/60042588
247389999,Melanerpes carolinus,0,https://www.inaturalist.org/photos/247389999
340867292,Melanerpes carolinus,0,https://www.inaturalist.org/photos/340867292
33270823,Melanerpes carolinus,0,https://www.inaturalist.org/photos/33270823
355151821,Melanerpes carolinus,0,https://www.inaturalist.org/photos/355151821
106726937,Melanerpes carolinus,0,https://www.inaturalist.org/photos/106726937
351599424,Melanerpes carolinus,0,https://www.inaturalist.org/photos/351599424
348323688,Melanerpes carolinus,0,https://www.inaturalist.org/photos/348323688
349465385,Melanerpes carolinus,0,https://www.inaturalist.org/photos/349465385
352406392,Melanerpes carolinus,0,https://www.inaturalist.org/photos/352406392
113727367,Melanerpes carolinus,0,https://www.inaturalist.org/photos/113727367
250653353,Melanerpes carolinus,0,https://www.inaturalist.org/photos/250653353
346241061,Melanerpes carolinus,0,https://www.inaturalist.org/photos/346241061
257005817,Melanerpes carolinus,0,https://www.inaturalist.org/photos/257005817
174003548,Melanerpes carolinus,0,https://www.inaturalist.org/photos/174003548
172516392,Melanerpes carolinus,0,https://www.inaturalist.org/photos/172516392
113598905,Melanerpes carolinus,0,https://www.inaturalist.org/photos/113598905
350888868,Melanerpes carolinus,0,https://www.inaturalist.org/photos/350888868
362543366,Melanerpes carolinus,0,https://www.inaturalist.org/photos/362543366
111066507,Melanerpes carolinus,0,https://www.inaturalist.org/photos/111066507
341385073,Melanerpes carolinus,0,https://www.inaturalist.org/photos/341385073
255718621,Melanerpes carolinus,0,https://www.inaturalist.org/photos/255718621
348723939,Melanerpes carolinus,0,https://www.inaturalist.org/photos/348723939
334013081,Melanerpes carolinus,0,https://www.inaturalist.org/photos/334013081
177568351,Melanerpes carolinus,0,https://www.inaturalist.org/photos/177568351
5870295,Melanerpes carolinus,0,https://www.inaturalist.org/photos/5870295
411039606,Melanerpes carolinus,0,https://www.inaturalist.org/photos/411039606
13113884,Melanerpes carolinus,0,https://www.inaturalist.org/photos/13113884
249735017,Melanerpes carolinus,0,https://www.inaturalist.org/photos/249735017
2909769,Melanerpes carolinus,0,https://www.inaturalist.org/photos/2909769
353990894,Melanerpes carolinus,0,https://www.inaturalist.org/photos/353990894
174448984,Melanerpes carolinus,0,https://www.inaturalist.org/photos/174448984
250150022,Melanerpes carolinus,0,https://www.inaturalist.org/photos/250150022
350689022,Melanerpes carolinus,0,https://www.inaturalist.org/photos/350689022
338860196,Melanerpes carolinus,0,https://www.inaturalist.org/photos/338860196
349331945,Melanerpes carolinus,0,https://www.inaturalist.org/photos/349331945
68454021,Melanerpes carolinus,0,https://www.inaturalist.org/photos/68454021
28970807,Melanerpes carolinus,0,https://www.inaturalist.org/photos/28970807
107925193,Melanerpes carolinus,0,https://www.inaturalist.org/photos/107925193
344038531,Melanerpes carolinus,0,https://www.inaturalist.org/photos/344038531
2870783,Melanerpes carolinus,0,https://www.inaturalist.org/photos/2870783
110350519,Melanerpes carolinus,0,https://www.inaturalist.org/photos/110350519
108704857,Melanerpes carolinus,0,https://www.inaturalist.org/photos/108704857
352710846,Melanerpes carolinus,0,https://www.inaturalist.org/photos/352710846
107882792,Melanerpes carolinus,0,https://www.inaturalist.org/photos/107882792
176083385,Melanerpes carolinus,0,https://www.inaturalist.org/photos/176083385
53352989,Melanerpes carolinus,0,https://www.inaturalist.org/photos/53352989
107663939,Melanerpes carolinus,0,https://www.inaturalist.org/photos/107663939
174283638,Melanerpes carolinus,0,https://www.inaturalist.org/photos/174283638
175856006,Melanerpes carolinus,0,https://www.inaturalist.org/photos/175856006
59515068,Melanerpes carolinus,0,https://www.inaturalist.org/photos/59515068
252146064,Melanerpes carolinus,0,https://www.inaturalist.org/photos/252146064
349208901,Melanerpes carolinus,0,https://www.inaturalist.org/photos/349208901
380745257,Melanerpes carolinus,0,https://www.inaturalist.org/photos/380745257
177567831,Melanerpes carolinus,0,https://www.inaturalist.org/photos/177567831
109759906,Melanerpes carolinus,0,https://www.inaturalist.org/photos/109759906
248734346,Melanerpes carolinus,0,https://www.inaturalist.org/photos/248734346
253434766,Melanerpes carolinus,0,https://www.inaturalist.org/photos/253434766
358011393,Melanerpes carolinus,0,https://www.inaturalist.org/photos/358011393
111614461,Melanerpes carolinus,0,https://www.inaturalist.org/photos/111614461
351975862,Melanerpes carolinus,0,https://www.inaturalist.org/photos/351975862
3005220,Melanerpes carolinus,0,https://www.inaturalist.org/photos/3005220
58783960,Melanerpes carolinus,0,https://www.inaturalist.org/photos/58783960
172630238,Melanerpes carolinus,0,https://www.inaturalist.org/photos/172630238
341666718,Melanerpes carolinus,0,https://www.inaturalist.org/photos/341666718
341958404,Melanerpes carolinus,0,https://www.inaturalist.org/photos/341958404
246225606,Melanerpes carolinus,0,https://www.inaturalist.org/photos/246225606
241666650,Melanerpes carolinus,0,https://www.inaturalist.org/photos/241666650
176679173,Melanerpes carolinus,0,https://www.inaturalist.org/photos/176679173
247795708,Melanerpes carolinus,0,https://www.inaturalist.org/photos/247795708
29477850,Melanerpes carolinus,0,https://www.inaturalist.org/photos/29477850
180389034,Melanerpes carolinus,0,https://www.inaturalist.org/photos/180389034
33866469,Melanerpes carolinus,0,https://www.inaturalist.org/photos/33866469
12949456,Melanerpes carolinus,0,https://www.inaturalist.org/photos/12949456
341269106,Melanerpes carolinus,0,https://www.inaturalist.org/photos/341269106
29073457,Melanerpes carolinus,0,https://www.inaturalist.org/photos/29073457
45892777,Melanerpes carolinus,0,https://www.inaturalist.org/photos/45892777
45373559,Melanerpes carolinus,0,https://www.inaturalist.org/photos/45373559
109754861,Melanerpes carolinus,0,https://www.inaturalist.org/photos/109754861
58367050,Melanerpes carolinus,0,https://www.inaturalist.org/photos/58367050
109563643,Melanerpes carolinus,0,https://www.inaturalist.org/photos/109563643
29167345,Melanerpes carolinus,0,https://www.inaturalist.org/photos/29167345
354146936,Melanerpes carolinus,0,https://www.inaturalist.org/photos/354146936
29021268,Melanerpes carolinus,0,https://www.inaturalist.org/photos/29021268
180164085,Melanerpes carolinus,0,https://www.inaturalist.org/photos/180164085
107608767,Melanerpes carolinus,0,https://www.inaturalist.org/photos/107608767
173350931,Melanerpes carolinus,0,https://www.inaturalist.org/photos/173350931
111065646,Melanerpes carolinus,0,https://www.inaturalist.org/photos/111065646
176064467,Melanerpes carolinus,0,https://www.inaturalist.org/photos/176064467
111044268,Melanerpes carolinus,0,https://www.inaturalist.org/photos/111044268
353026316,Melanerpes carolinus,0,https://www.inaturalist.org/photos/353026316
342508926,Melanerpes carolinus,0,https://www.inaturalist.org/photos/342508926
243691637,Melanerpes carolinus,0,https://www.inaturalist.org/photos/243691637
111236709,Melanerpes carolinus,0,https://www.inaturalist.org/photos/111236709
12765321,Melanerpes carolinus,0,https://www.inaturalist.org/photos/12765321
352259780,Melanerpes carolinus,0,https://www.inaturalist.org/photos/352259780
256786351,Melanerpes carolinus,0,https://www.inaturalist.org/photos/256786351
177810013,Melanerpes carolinus,0,https://www.inaturalist.org/photos/177810013
57493804,Melanerpes carolinus,0,https://www.inaturalist.org/photos/57493804
108621839,Melanerpes carolinus,0,https://www.inaturalist.org/photos/108621839
342103876,Melanerpes carolinus,0,https://www.inaturalist.org/photos/342103876
107112003,Melanerpes carolinus,0,https://www.inaturalist.org/photos/107112003
353927132,Melanerpes carolinus,0,https://www.inaturalist.org/photos/353927132
243745018,Melanerpes carolinus,0,https://www.inaturalist.org/photos/243745018
250521271,Melanerpes carolinus,0,https://www.inaturalist.org/photos/250521271
112629207,Melanerpes carolinus,0,https://www.inaturalist.org/photos/112629207
112754528,Melanerpes carolinus,0,https://www.inaturalist.org/photos/112754528
179537460,Melanerpes carolinus,0,https://www.inaturalist.org/photos/179537460
178375459,Melanerpes carolinus,0,https://www.inaturalist.org/photos/178375459
31766031,Melanerpes carolinus,0,https://www.inaturalist.org/photos/31766031
112297394,Melanerpes carolinus,0,https://www.inaturalist.org/photos/112297394
58148920,Melanerpes carolinus,0,https://www.inaturalist.org/photos/58148920
181251109,Melanerpes carolinus,0,https://www.inaturalist.org/photos/181251109
342508928,Melanerpes carolinus,0,https://www.inaturalist.org/photos/342508928
343762841,Melanerpes carolinus,0,https://www.inaturalist.org/photos/343762841
114110398,Melanerpes carolinus,0,https://www.inaturalist.org/photos/114110398
249258256,Melanerpes carolinus,0,https://www.inaturalist.org/photos/249258256
174557417,Melanerpes carolinus,0,https://www.inaturalist.org/photos/174557417
109143800,Melanerpes carolinus,0,https://www.inaturalist.org/photos/109143800
249130361,Melanerpes carolinus,0,https://www.inaturalist.org/photos/249130361
62034313,Melanerpes carolinus,0,https://www.inaturalist.org/photos/62034313
12678185,Melanerpes carolinus,0,https://www.inaturalist.org/photos/12678185
254747961,Melanerpes carolinus,0,https://www.inaturalist.org/photos/254747961
106819086,Melanerpes carolinus,0,https://www.inaturalist.org/photos/106819086
107927441,Melanerpes carolinus,0,https://www.inaturalist.org/photos/107927441
12434640,Melanerpes carolinus,0,https://www.inaturalist.org/photos/12434640
80336663,Melanerpes carolinus,0,https://www.inaturalist.org/photos/80336663
355151701,Melanerpes carolinus,0,https://www.inaturalist.org/photos/355151701
58943721,Melanerpes carolinus,0,https://www.inaturalist.org/photos/58943721
108565564,Melanerpes carolinus,0,https://www.inaturalist.org/photos/108565564
246303670,Melanerpes carolinus,0,https://www.inaturalist.org/photos/246303670
179565976,Melanerpes carolinus,0,https://www.inaturalist.org/photos/179565976
340507915,Melanerpes carolinus,0,https://www.inaturalist.org/photos/340507915
113305936,Melanerpes carolinus,0,https://www.inaturalist.org/photos/113305936
175268748,Melanerpes carolinus,0,https://www.inaturalist.org/photos/175268748
249816419,Melanerpes carolinus,0,https://www.inaturalist.org/photos/249816419
57773288,Melanerpes carolinus,0,https://www.inaturalist.org/photos/57773288
29636168,Melanerpes carolinus,0,https://www.inaturalist.org/photos/29636168
353683062,Melanerpes carolinus,0,https://www.inaturalist.org/photos/353683062
255232063,Melanerpes carolinus,0,https://www.inaturalist.org/photos/255232063
344545234,Melanerpes carolinus,0,https://www.inaturalist.org/photos/344545234
346557474,Melanerpes carolinus,0,https://www.inaturalist.org/photos/346557474
13413514,Melanerpes carolinus,0,https://www.inaturalist.org/photos/13413514
109888133,Melanerpes carolinus,0,https://www.inaturalist.org/photos/109888133
344734863,Melanerpes carolinus,0,https://www.inaturalist.org/photos/344734863
12193829,Melanerpes carolinus,0,https://www.inaturalist.org/photos/12193829
61235679,Melanerpes carolinus,0,https://www.inaturalist.org/photos/61235679
174338603,Melanerpes carolinus,0,https://www.inaturalist.org/photos/174338603
60125274,Melanerpes carolinus,0,https://www.inaturalist.org/photos/60125274
352218522,Melanerpes carolinus,0,https://www.inaturalist.org/photos/352218522
246309168,Melanerpes carolinus,0,https://www.inaturalist.org/photos/246309168
258127761,Melanerpes carolinus,0,https://www.inaturalist.org/photos/258127761
112615778,Melanerpes carolinus,0,https://www.inaturalist.org/photos/112615778
23988397,Melanerpes carolinus,0,https://www.inaturalist.org/photos/23988397
59701918,Melanerpes carolinus,0,https://www.inaturalist.org/photos/59701918
13602447,Melanerpes carolinus,0,https://www.inaturalist.org/photos/13602447
29331473,Melanerpes carolinus,0,https://www.inaturalist.org/photos/29331473
180853872,Melanerpes carolinus,0,https://www.inaturalist.org/photos/180853872
106958607,Melanerpes carolinus,0,https://www.inaturalist.org/photos/106958607
180262188,Melanerpes carolinus,0,https://www.inaturalist.org/photos/180262188
262864239,Melanerpes carolinus,0,https://www.inaturalist.org/photos/262864239
254904260,Melanerpes carolinus,0,https://www.inaturalist.org/photos/254904260
342056449,Melanerpes carolinus,0,https://www.inaturalist.org/photos/342056449
253270178,Melanerpes carolinus,0,https://www.inaturalist.org/photos/253270178
273654244,Melanerpes carolinus,0,https://www.inaturalist.org/photos/273654244
7477900,Melanerpes carolinus,0,https://www.inaturalist.org/photos/7477900
246532380,Melanerpes carolinus,0,https://www.inaturalist.org/photos/246532380
343102831,Melanerpes carolinus,0,https://www.inaturalist.org/photos/343102831
33259673,Melanerpes carolinus,0,https://www.inaturalist.org/photos/33259673
346427501,Melanerpes carolinus,0,https://www.inaturalist.org/photos/346427501
345757823,Melanerpes carolinus,0,https://www.inaturalist.org/photos/345757823
252731867,Melanerpes carolinus,0,https://www.inaturalist.org/photos/252731867
249287413,Melanerpes carolinus,0,https://www.inaturalist.org/photos/249287413
60587454,Melanerpes carolinus,0,https://www.inaturalist.org/photos/60587454
256446248,Melanerpes carolinus,0,https://www.inaturalist.org/photos/256446248
179991953,Melanerpes carolinus,0,https://www.inaturalist.org/photos/179991953
112314563,Melanerpes carolinus,0,https://www.inaturalist.org/photos/112314563
106958593,Melanerpes carolinus,0,https://www.inaturalist.org/photos/106958593
343395259,Melanerpes carolinus,0,https://www.inaturalist.org/photos/343395259
113727341,Melanerpes carolinus,0,https://www.inaturalist.org/photos/113727341
251349635,Melanerpes carolinus,0,https://www.inaturalist.org/photos/251349635
247436228,Melanerpes carolinus,0,https://www.inaturalist.org/photos/247436228
172339627,Melanerpes carolinus,0,https://www.inaturalist.org/photos/172339627
252113674,Melanerpes carolinus,0,https://www.inaturalist.org/photos/252113674
177920484,Melanerpes carolinus,0,https://www.inaturalist.org/photos/177920484
377291494,Melanerpes carolinus,0,https://www.inaturalist.org/photos/377291494
113598912,Melanerpes carolinus,0,https://www.inaturalist.org/photos/113598912
12730031,Melanerpes carolinus,0,https://www.inaturalist.org/photos/12730031
29702177,Melanerpes carolinus,0,https://www.inaturalist.org/photos/29702177
53244480,Melanerpes carolinus,0,https://www.inaturalist.org/photos/53244480
258314187,Melanerpes carolinus,0,https://www.inaturalist.org/photos/258314187
107596005,Melanerpes carolinus,0,https://www.inaturalist.org/photos/107596005
344371351,Melanerpes carolinus,0,https://www.inaturalist.org/photos/344371351
112745187,Melanerpes carolinus,0,https://www.inaturalist.org/photos/112745187
252291087,Melanerpes carolinus,0,https://www.inaturalist.org/photos/252291087
248516517,Melanerpes carolinus,0,https://www.inaturalist.org/photos/248516517
257805702,Melanerpes carolinus,0,https://www.inaturalist.org/photos/257805702
61814061,Melanerpes carolinus,0,https://www.inaturalist.org/photos/61814061
172929232,Melanerpes carolinus,0,https://www.inaturalist.org/photos/172929232
171382967,Melanerpes carolinus,0,https://www.inaturalist.org/photos/171382967
177281919,Melanerpes carolinus,0,https://www.inaturalist.org/photos/177281919
254889956,Melanerpes carolinus,0,https://www.inaturalist.org/photos/254889956
107864878,Melanerpes carolinus,0,https://www.inaturalist.org/photos/107864878
178639497,Melanerpes carolinus,0,https://www.inaturalist.org/photos/178639497
179144162,Melanerpes carolinus,0,https://www.inaturalist.org/photos/179144162
178752195,Melanerpes carolinus,0,https://www.inaturalist.org/photos/178752195
248420281,Melanerpes carolinus,0,https://www.inaturalist.org/photos/248420281
178256693,Melanerpes carolinus,0,https://www.inaturalist.org/photos/178256693
178013061,Melanerpes carolinus,0,https://www.inaturalist.org/photos/178013061
108328840,Melanerpes carolinus,0,https://www.inaturalist.org/photos/108328840
255407281,Melanerpes carolinus,0,https://www.inaturalist.org/photos/255407281
62420730,Melanerpes carolinus,0,https://www.inaturalist.org/photos/62420730
349938606,Melanerpes carolinus,0,https://www.inaturalist.org/photos/349938606
254974645,Melanerpes carolinus,0,https://www.inaturalist.org/photos/254974645
12730032,Melanerpes carolinus,0,https://www.inaturalist.org/photos/12730032
180025102,Melanerpes carolinus,0,https://www.inaturalist.org/photos/180025102
255337204,Melanerpes carolinus,0,https://www.inaturalist.org/photos/255337204
12583166,Melanerpes carolinus,0,https://www.inaturalist.org/photos/12583166
180598372,Melanerpes carolinus,0,https://www.inaturalist.org/photos/180598372
350408409,Melanerpes carolinus,0,https://www.inaturalist.org/photos/350408409
110302351,Melanerpes carolinus,0,https://www.inaturalist.org/photos/110302351
30013905,Melanerpes carolinus,0,https://www.inaturalist.org/photos/30013905
378258859,Melanerpes carolinus,0,https://www.inaturalist.org/photos/378258859
253073793,Melanerpes carolinus,0,https://www.inaturalist.org/photos/253073793
12638208,Melanerpes carolinus,0,https://www.inaturalist.org/photos/12638208
30579200,Melanerpes carolinus,0,https://www.inaturalist.org/photos/30579200
348495643,Melanerpes carolinus,0,https://www.inaturalist.org/photos/348495643
352884973,Melanerpes carolinus,0,https://www.inaturalist.org/photos/352884973
256859814,Melanerpes carolinus,0,https://www.inaturalist.org/photos/256859814
350259926,Melanerpes carolinus,0,https://www.inaturalist.org/photos/350259926
107690553,Melanerpes carolinus,0,https://www.inaturalist.org/photos/107690553
59855728,Melanerpes carolinus,0,https://www.inaturalist.org/photos/59855728
252602751,Melanerpes carolinus,0,https://www.inaturalist.org/photos/252602751
188687825,Melanerpes carolinus,0,https://www.inaturalist.org/photos/188687825
28893606,Melanerpes carolinus,0,https://www.inaturalist.org/photos/28893606
108600283,Melanerpes carolinus,0,https://www.inaturalist.org/photos/108600283
178564340,Melanerpes carolinus,0,https://www.inaturalist.org/photos/178564340
6398762,Melanerpes carolinus,0,https://www.inaturalist.org/photos/6398762
13415930,Melanerpes carolinus,0,https://www.inaturalist.org/photos/13415930
62443116,Melanerpes carolinus,0,https://www.inaturalist.org/photos/62443116
110302257,Melanerpes carolinus,0,https://www.inaturalist.org/photos/110302257
345588431,Melanerpes carolinus,0,https://www.inaturalist.org/photos/345588431
13217632,Melanerpes carolinus,0,https://www.inaturalist.org/photos/13217632
346164334,Melanerpes carolinus,0,https://www.inaturalist.org/photos/346164334
112618209,Melanerpes carolinus,0,https://www.inaturalist.org/photos/112618209
113727350,Melanerpes carolinus,0,https://www.inaturalist.org/photos/113727350
173904809,Melanerpes carolinus,0,https://www.inaturalist.org/photos/173904809
109128364,Melanerpes carolinus,0,https://www.inaturalist.org/photos/109128364
30448782,Melanerpes carolinus,0,https://www.inaturalist.org/photos/30448782
346163380,Melanerpes carolinus,0,https://www.inaturalist.org/photos/346163380
178068790,Melanerpes carolinus,0,https://www.inaturalist.org/photos/178068790
181141763,Melanerpes carolinus,0,https://www.inaturalist.org/photos/181141763
167823868,Melanerpes carolinus,0,https://www.inaturalist.org/photos/167823868
347019226,Melanerpes carolinus,0,https://www.inaturalist.org/photos/347019226
411039617,Melanerpes carolinus,0,https://www.inaturalist.org/photos/411039617
112649452,Melanerpes carolinus,0,https://www.inaturalist.org/photos/112649452
224783937,Melanerpes carolinus,0,https://www.inaturalist.org/photos/224783937
201973,Melanerpes carolinus,0,https://www.inaturalist.org/photos/201973
340726119,Melanerpes carolinus,0,https://www.inaturalist.org/photos/340726119
108191586,Melanerpes carolinus,0,https://www.inaturalist.org/photos/108191586
380664534,Melanerpes carolinus,0,https://www.inaturalist.org/photos/380664534
12592801,Melanerpes carolinus,0,https://www.inaturalist.org/photos/12592801
256954890,Melanerpes carolinus,0,https://www.inaturalist.org/photos/256954890
176315503,Melanerpes carolinus,0,https://www.inaturalist.org/photos/176315503
39115756,Melanerpes carolinus,0,https://www.inaturalist.org/photos/39115756
6421761,Melanerpes carolinus,0,https://www.inaturalist.org/photos/6421761
106503095,Melanerpes carolinus,0,https://www.inaturalist.org/photos/106503095
174944965,Melanerpes carolinus,0,https://www.inaturalist.org/photos/174944965
353192460,Melanerpes carolinus,0,https://www.inaturalist.org/photos/353192460
110970894,Melanerpes carolinus,0,https://www.inaturalist.org/photos/110970894
339908857,Melanerpes carolinus,0,https://www.inaturalist.org/photos/339908857
108995274,Melanerpes carolinus,0,https://www.inaturalist.org/photos/108995274
60323952,Melanerpes carolinus,0,https://www.inaturalist.org/photos/60323952
358808324,Melanerpes carolinus,0,https://www.inaturalist.org/photos/358808324
364676434,Melanerpes carolinus,0,https://www.inaturalist.org/photos/364676434
31511539,Melanerpes carolinus,0,https://www.inaturalist.org/photos/31511539
341107891,Melanerpes carolinus,0,https://www.inaturalist.org/photos/341107891
59248536,Melanerpes carolinus,0,https://www.inaturalist.org/photos/59248536
176211951,Melanerpes carolinus,0,https://www.inaturalist.org/photos/176211951
185065186,Melanerpes carolinus,0,https://www.inaturalist.org/photos/185065186
172156285,Melanerpes carolinus,0,https://www.inaturalist.org/photos/172156285
110580003,Melanerpes carolinus,0,https://www.inaturalist.org/photos/110580003
350612573,Melanerpes carolinus,0,https://www.inaturalist.org/photos/350612573
58907570,Melanerpes carolinus,0,https://www.inaturalist.org/photos/58907570
349896655,Melanerpes carolinus,0,https://www.inaturalist.org/photos/349896655
62138262,Melanerpes carolinus,0,https://www.inaturalist.org/photos/62138262
353457171,Melanerpes carolinus,0,https://www.inaturalist.org/photos/353457171
113315946,Melanerpes carolinus,0,https://www.inaturalist.org/photos/113315946
343638991,Melanerpes carolinus,0,https://www.inaturalist.org/photos/343638991
254941490,Melanerpes carolinus,0,https://www.inaturalist.org/photos/254941490
60061843,Melanerpes carolinus,0,https://www.inaturalist.org/photos/60061843
61376588,Melanerpes carolinus,0,https://www.inaturalist.org/photos/61376588
114339566,Melanerpes carolinus,0,https://www.inaturalist.org/photos/114339566
352013700,Melanerpes carolinus,0,https://www.inaturalist.org/photos/352013700
355741971,Melanerpes carolinus,0,https://www.inaturalist.org/photos/355741971
348013915,Melanerpes carolinus,0,https://www.inaturalist.org/photos/348013915
178017292,Melanerpes carolinus,0,https://www.inaturalist.org/photos/178017292
250607351,Melanerpes carolinus,0,https://www.inaturalist.org/photos/250607351
12620088,Melanerpes carolinus,0,https://www.inaturalist.org/photos/12620088
256751085,Melanerpes carolinus,0,https://www.inaturalist.org/photos/256751085
247411896,Melanerpes carolinus,0,https://www.inaturalist.org/photos/247411896
62047533,Melanerpes carolinus,0,https://www.inaturalist.org/photos/62047533
175030670,Melanerpes carolinus,0,https://www.inaturalist.org/photos/175030670
176083364,Melanerpes carolinus,0,https://www.inaturalist.org/photos/176083364
173005637,Melanerpes carolinus,0,https://www.inaturalist.org/photos/173005637
180532683,Melanerpes carolinus,0,https://www.inaturalist.org/photos/180532683
175933423,Melanerpes carolinus,0,https://www.inaturalist.org/photos/175933423
254848138,Melanerpes carolinus,0,https://www.inaturalist.org/photos/254848138
249996541,Melanerpes carolinus,0,https://www.inaturalist.org/photos/249996541
113826248,Melanerpes carolinus,0,https://www.inaturalist.org/photos/113826248
106592288,Melanerpes carolinus,0,https://www.inaturalist.org/photos/106592288
349170153,Melanerpes carolinus,0,https://www.inaturalist.org/photos/349170153
367664854,Melanerpes carolinus,0,https://www.inaturalist.org/photos/367664854
308332913,Melanerpes carolinus,0,https://www.inaturalist.org/photos/308332913
181254963,Melanerpes carolinus,0,https://www.inaturalist.org/photos/181254963
57356045,Melanerpes carolinus,0,https://www.inaturalist.org/photos/57356045
106958580,Melanerpes carolinus,0,https://www.inaturalist.org/photos/106958580
348156237,Melanerpes carolinus,0,https://www.inaturalist.org/photos/348156237
343798678,Melanerpes carolinus,0,https://www.inaturalist.org/photos/343798678
178736136,Melanerpes carolinus,0,https://www.inaturalist.org/photos/178736136
180928145,Melanerpes carolinus,0,https://www.inaturalist.org/photos/180928145
107550307,Melanerpes carolinus,0,https://www.inaturalist.org/photos/107550307
13352485,Melanerpes carolinus,0,https://www.inaturalist.org/photos/13352485
249082161,Melanerpes carolinus,0,https://www.inaturalist.org/photos/249082161
256094496,Melanerpes carolinus,0,https://www.inaturalist.org/photos/256094496
252952097,Melanerpes carolinus,0,https://www.inaturalist.org/photos/252952097
254993634,Melanerpes carolinus,0,https://www.inaturalist.org/photos/254993634
322029234,Melanerpes carolinus,0,https://www.inaturalist.org/photos/322029234
30611217,Melanerpes carolinus,0,https://www.inaturalist.org/photos/30611217
256268507,Melanerpes carolinus,0,https://www.inaturalist.org/photos/256268507
179863840,Melanerpes carolinus,0,https://www.inaturalist.org/photos/179863840
113522763,Melanerpes carolinus,0,https://www.inaturalist.org/photos/113522763
30644751,Melanerpes carolinus,0,https://www.inaturalist.org/photos/30644751
112628172,Melanerpes carolinus,0,https://www.inaturalist.org/photos/112628172
110300182,Melanerpes carolinus,0,https://www.inaturalist.org/photos/110300182
31479371,Melanerpes carolinus,0,https://www.inaturalist.org/photos/31479371
62377508,Melanerpes carolinus,0,https://www.inaturalist.org/photos/62377508
62399984,Melanerpes carolinus,0,https://www.inaturalist.org/photos/62399984
247389992,Melanerpes carolinus,0,https://www.inaturalist.org/photos/247389992
249571099,Melanerpes carolinus,0,https://www.inaturalist.org/photos/249571099
342923322,Melanerpes carolinus,0,https://www.inaturalist.org/photos/342923322
154618857,Melanerpes carolinus,0,https://www.inaturalist.org/photos/154618857
350967367,Melanerpes carolinus,0,https://www.inaturalist.org/photos/350967367
353238906,Melanerpes carolinus,0,https://www.inaturalist.org/photos/353238906
172092919,Melanerpes carolinus,0,https://www.inaturalist.org/photos/172092919
114494057,Melanerpes carolinus,0,https://www.inaturalist.org/photos/114494057
107943167,Melanerpes carolinus,0,https://www.inaturalist.org/photos/107943167
344139494,Melanerpes carolinus,0,https://www.inaturalist.org/photos/344139494
30367459,Melanerpes carolinus,0,https://www.inaturalist.org/photos/30367459
254849609,Melanerpes carolinus,0,https://www.inaturalist.org/photos/254849609
254002230,Melanerpes carolinus,0,https://www.inaturalist.org/photos/254002230
350897895,Melanerpes carolinus,0,https://www.inaturalist.org/photos/350897895