,Unnamed: 0,photo_id,species,marked,inat_url,download_url
0,0,53948037,Megaptera novaeangliae,1,https://www.inaturalist.org/photos/53948037,https://inaturalist-open-data.s3.amazonaws.com/photos/53948037/large.jpg
1,1,10106537,Megaptera novaeangliae,1,https://www.inaturalist.org/photos/10106537,https://inaturalist-open-data.s3.amazonaws.com/photos/10106537/large.jpg
3,3,242462892,Megaptera novaeangliae,1,https://www.inaturalist.org/photos/242462892,https://inaturalist-open-data.s3.amazonaws.com/photos/242462892/large.jpg
4,4,122330436,Megaptera novaeangliae australis,1,https://www.inaturalist.org/photos/122330436,https://inaturalist-open-data.s3.amazonaws.com/photos/122330436/large.jpg
5,5,8533457,Megaptera novaeangliae,1,https://www.inaturalist.org/photos/8533457,https://inaturalist-open-data.s3.amazonaws.com/photos/8533457/large.jpg
7,7,64084465,Megaptera novaeangliae,1,https://www.inaturalist.org/photos/64084465,https://inaturalist-open-data.s3.amazonaws.com/photos/64084465/large.jpg
8,8,162130205,Megaptera novaeangliae,1,https://www.inaturalist.org/photos/162130205,https://inaturalist-open-data.s3.amazonaws.com/photos/162130205/large.jpg
9,9,299293083,Megaptera novaeangliae,1,https://www.inaturalist.org/photos/299293083,https://inaturalist-open-data.s3.amazonaws.com/photos/299293083/large.jpg
10,10,402958308,Megaptera novaeangliae,1,https://www.inaturalist.org/photos/402958308,https://inaturalist-open-data.s3.amazonaws.com/photos/402958308/large.jpg
11,11,49327468,Megaptera novaeangliae,1,https://www.inaturalist.org/photos/49327468,https://inaturalist-open-data.s3.amazonaws.com/photos/49327468/large.jpg
12,12,357812479,Megaptera novaeangliae,1,https://www.inaturalist.org/photos/357812479,https://inaturalist-open-data.s3.amazonaws.com/photos/357812479/large.jpg
14,14,103198518,Megaptera novaeangliae,1,https://www.inaturalist.org/photos/103198518,https://inaturalist-open-data.s3.amazonaws.com/photos/103198518/large.jpg
16,16,88794857,Megaptera novaeangliae,1,https://www.inaturalist.org/photos/88794857,https://inaturalist-open-data.s3.amazonaws.com/photos/88794857/large.jpg
17,17,411273162,Megaptera novaeangliae,1,https://www.inaturalist.org/photos/411273162,https://inaturalist-open-data.s3.amazonaws.com/photos/411273162/large.jpg
19,19,279214135,Megaptera novaeangliae novaeangliae,1,https://www.inaturalist.org/photos/279214135,https://inaturalist-open-data.s3.amazonaws.com/photos/279214135/large.jpg
20,20,64084466,Megaptera novaeangliae,1,https://www.inaturalist.org/photos/64084466,https://inaturalist-open-data.s3.amazonaws.com/photos/64084466/large.jpg
21,21,237093496,Megaptera novaeangliae,1,https://www.inaturalist.org/photos/237093496,https://inaturalist-open-data.s3.amazonaws.com/photos/237093496/large.jpg
24,24,351954859,Megaptera novaeangliae,1,https://www.inaturalist.org/photos/351954859,https://inaturalist-open-data.s3.amazonaws.com/photos/351954859/large.jpg
25,25,19269432,Megaptera novaeangliae,1,https://www.inaturalist.org/photos/19269432,https://inaturalist-open-data.s3.amazonaws.com/photos/19269432/large.jpg
26,26,2562748,Megaptera novaeangliae,1,https://www.inaturalist.org/photos/2562748,https://inaturalist-open-data.s3.amazonaws.com/photos/2562748/large.jpg
28,28,181351671,Megaptera novaeangliae,1,https://www.inaturalist.org/photos/181351671,https://inaturalist-open-data.s3.amazonaws.com/photos/181351671/large.jpg
29,29,26077575,Megaptera novaeangliae,1,https://www.inaturalist.org/photos/26077575,https://inaturalist-open-data.s3.amazonaws.com/photos/26077575/large.jpg
30,30,50530248,Megaptera novaeangliae,1,https://www.inaturalist.org/photos/50530248,https://inaturalist-open-data.s3.amazonaws.com/photos/50530248/large.jpg
31,31,92221805,Megaptera novaeangliae,1,https://www.inaturalist.org/photos/92221805,https://inaturalist-open-data.s3.amazonaws.com/photos/92221805/large.jpg
32,32,237194195,Megaptera novaeangliae,1,https://www.inaturalist.org/photos/237194195,https://inaturalist-open-data.s3.amazonaws.com/photos/237194195/large.jpg
34,34,49327463,Megaptera novaeangliae,1,https://www.inaturalist.org/photos/49327463,https://inaturalist-open-data.s3.amazonaws.com/photos/49327463/large.jpg
35,35,317488189,Megaptera novaeangliae,1,https://www.inaturalist.org/photos/317488189,https://inaturalist-open-data.s3.amazonaws.com/photos/317488189/large.jpg
36,36,314453326,Megaptera novaeangliae,1,https://www.inaturalist.org/photos/314453326,https://inaturalist-open-data.s3.amazonaws.com/photos/314453326/large.jpg
37,37,53948039,Megaptera novaeangliae,1,https://www.inaturalist.org/photos/53948039,https://inaturalist-open-data.s3.amazonaws.com/photos/53948039/large.jpg
38,38,302533741,Megaptera novaeangliae,1,https://www.inaturalist.org/photos/302533741,https://inaturalist-open-data.s3.amazonaws.com/photos/302533741/large.jpg
39,39,127618134,Megaptera novaeangliae,1,https://www.inaturalist.org/photos/127618134,https://inaturalist-open-data.s3.amazonaws.com/photos/127618134/large.jpg
41,41,16335779,Megaptera novaeangliae,1,https://www.inaturalist.org/photos/16335779,https://inaturalist-open-data.s3.amazonaws.com/photos/16335779/large.jpg
42,42,193706743,Megaptera novaeangliae,1,https://www.inaturalist.org/photos/193706743,https://inaturalist-open-data.s3.amazonaws.com/photos/193706743/large.jpg
43,43,69020732,Megaptera novaeangliae,1,https://www.inaturalist.org/photos/69020732,https://inaturalist-open-data.s3.amazonaws.com/photos/69020732/large.jpg
45,45,408635531,Megaptera novaeangliae,1,https://www.inaturalist.org/photos/408635531,https://inaturalist-open-data.s3.amazonaws.com/photos/408635531/large.jpg
46,46,76775727,Megaptera novaeangliae,1,https://www.inaturalist.org/photos/76775727,https://inaturalist-open-data.s3.amazonaws.com/photos/76775727/large.jpg
47,47,295911261,Megaptera novaeangliae,1,https://www.inaturalist.org/photos/295911261,https://inaturalist-open-data.s3.amazonaws.com/photos/295911261/large.jpg
48,48,52396599,Megaptera novaeangliae,1,https://www.inaturalist.org/photos/52396599,https://inaturalist-open-data.s3.amazonaws.com/photos/52396599/large.jpg
49,49,197271936,Megaptera novaeangliae novaeangliae,1,https://www.inaturalist.org/photos/197271936,https://inaturalist-open-data.s3.amazonaws.com/photos/197271936/large.jpg
51,51,242385504,Megaptera novaeangliae,1,https://www.inaturalist.org/photos/242385504,https://inaturalist-open-data.s3.amazonaws.com/photos/242385504/large.jpg
52,52,255691299,Megaptera novaeangliae,1,https://www.inaturalist.org/photos/255691299,https://inaturalist-open-data.s3.amazonaws.com/photos/255691299/large.jpg
53,53,181351708,Megaptera novaeangliae,1,https://www.inaturalist.org/photos/181351708,https://inaturalist-open-data.s3.amazonaws.com/photos/181351708/large.jpg
55,55,102989605,Megaptera novaeangliae,1,https://www.inaturalist.org/photos/102989605,https://inaturalist-open-data.s3.amazonaws.com/photos/102989605/large.jpg
56,56,324656553,Megaptera novaeangliae,1,https://www.inaturalist.org/photos/324656553,https://inaturalist-open-data.s3.amazonaws.com/photos/324656553/large.jpg
57,57,312506589,Megaptera novaeangliae,1,https://www.inaturalist.org/photos/312506589,https://inaturalist-open-data.s3.amazonaws.com/photos/312506589/large.jpg
58,58,316996741,Megaptera novaeangliae,1,https://www.inaturalist.org/photos/316996741,https://inaturalist-open-data.s3.amazonaws.com/photos/316996741/large.jpg
59,59,242878991,Megaptera novaeangliae,1,https://www.inaturalist.org/photos/242878991,https://inaturalist-open-data.s3.amazonaws.com/photos/242878991/large.jpg
61,61,8533470,Megaptera novaeangliae,1,https://www.inaturalist.org/photos/8533470,https://inaturalist-open-data.s3.amazonaws.com/photos/8533470/large.jpg
64,64,338915404,Megaptera novaeangliae,1,https://www.inaturalist.org/photos/338915404,https://inaturalist-open-data.s3.amazonaws.com/photos/338915404/large.jpg
65,65,201704105,Megaptera novaeangliae,1,https://www.inaturalist.org/photos/201704105,https://inaturalist-open-data.s3.amazonaws.com/photos/201704105/large.jpg
67,67,6743055,Megaptera novaeangliae,1,https://www.inaturalist.org/photos/6743055,https://inaturalist-open-data.s3.amazonaws.com/photos/6743055/large.jpg
69,69,196728076,Megaptera novaeangliae,1,https://www.inaturalist.org/photos/196728076,https://inaturalist-open-data.s3.amazonaws.com/photos/196728076/large.jpg
70,70,324656317,Megaptera novaeangliae,1,https://www.inaturalist.org/photos/324656317,https://inaturalist-open-data.s3.amazonaws.com/photos/324656317/large.jpg
71,71,49106441,Megaptera novaeangliae,1,https://www.inaturalist.org/photos/49106441,https://inaturalist-open-data.s3.amazonaws.com/photos/49106441/large.jpg
72,72,44083325,Megaptera novaeangliae,1,https://www.inaturalist.org/photos/44083325,https://inaturalist-open-data.s3.amazonaws.com/photos/44083325/large.jpg
74,74,133150276,Megaptera novaeangliae,1,https://www.inaturalist.org/photos/133150276,https://inaturalist-open-data.s3.amazonaws.com/photos/133150276/large.jpg
76,76,443707328,Megaptera novaeangliae,1,https://www.inaturalist.org/photos/443707328,https://inaturalist-open-data.s3.amazonaws.com/photos/443707328/large.jpg
77,77,242385420,Megaptera novaeangliae,1,https://www.inaturalist.org/photos/242385420,https://inaturalist-open-data.s3.amazonaws.com/photos/242385420/large.jpg
79,79,173435914,Megaptera novaeangliae,1,https://www.inaturalist.org/photos/173435914,https://inaturalist-open-data.s3.amazonaws.com/photos/173435914/large.jpg
81,81,253844240,Megaptera novaeangliae,1,https://www.inaturalist.org/photos/253844240,https://inaturalist-open-data.s3.amazonaws.com/photos/253844240/large.jpg
82,82,197132628,Megaptera novaeangliae novaeangliae,1,https://www.inaturalist.org/photos/197132628,https://inaturalist-open-data.s3.amazonaws.com/photos/197132628/large.jpg
83,83,201703028,Megaptera novaeangliae,1,https://www.inaturalist.org/photos/201703028,https://inaturalist-open-data.s3.amazonaws.com/photos/201703028/large.jpg
85,85,197124017,Megaptera novaeangliae novaeangliae,1,https://www.inaturalist.org/photos/197124017,https://inaturalist-open-data.s3.amazonaws.com/photos/197124017/large.jpg
86,86,408994956,Megaptera novaeangliae,1,https://www.inaturalist.org/photos/408994956,https://inaturalist-open-data.s3.amazonaws.com/photos/408994956/large.jpg
88,88,345466477,Megaptera novaeangliae,1,https://www.inaturalist.org/photos/345466477,https://inaturalist-open-data.s3.amazonaws.com/photos/345466477/large.jpg
89,89,149021093,Megaptera novaeangliae,1,https://www.inaturalist.org/photos/149021093,https://inaturalist-open-data.s3.amazonaws.com/photos/149021093/large.jpg
90,90,324627676,Megaptera novaeangliae,1,https://www.inaturalist.org/photos/324627676,https://inaturalist-open-data.s3.amazonaws.com/photos/324627676/large.jpg
91,91,295512582,Megaptera novaeangliae,1,https://www.inaturalist.org/photos/295512582,https://inaturalist-open-data.s3.amazonaws.com/photos/295512582/large.jpg
93,93,399626468,Megaptera novaeangliae,1,https://www.inaturalist.org/photos/399626468,https://inaturalist-open-data.s3.amazonaws.com/photos/399626468/large.jpg
94,94,148342618,Megaptera novaeangliae,1,https://www.inaturalist.org/photos/148342618,https://inaturalist-open-data.s3.amazonaws.com/photos/148342618/large.jpg
95,95,427020471,Megaptera novaeangliae,1,https://www.inaturalist.org/photos/427020471,https://inaturalist-open-data.s3.amazonaws.com/photos/427020471/large.jpg
96,96,327225531,Megaptera novaeangliae,1,https://www.inaturalist.org/photos/327225531,https://inaturalist-open-data.s3.amazonaws.com/photos/327225531/large.jpg
98,98,47180590,Megaptera novaeangliae,1,https://www.inaturalist.org/photos/47180590,https://inaturalist-open-data.s3.amazonaws.com/photos/47180590/large.jpg
99,99,394125881,Megaptera novaeangliae,1,https://www.inaturalist.org/photos/394125881,https://inaturalist-open-data.s3.amazonaws.com/photos/394125881/large.jpg
100,100,155958369,Megaptera novaeangliae,1,https://www.inaturalist.org/photos/155958369,https://inaturalist-open-data.s3.amazonaws.com/photos/155958369/large.jpg
102,102,158479068,Megaptera novaeangliae,1,https://www.inaturalist.org/photos/158479068,https://inaturalist-open-data.s3.amazonaws.com/photos/158479068/large.jpg
105,105,137172635,Megaptera novaeangliae,1,https://www.inaturalist.org/photos/137172635,https://inaturalist-open-data.s3.amazonaws.com/photos/137172635/large.jpg
106,106,43994072,Megaptera novaeangliae,1,https://www.inaturalist.org/photos/43994072,https://inaturalist-open-data.s3.amazonaws.com/photos/43994072/large.jpg
107,107,7535549,Megaptera novaeangliae,1,https://www.inaturalist.org/photos/7535549,https://inaturalist-open-data.s3.amazonaws.com/photos/7535549/large.jpg
108,108,68556724,Megaptera novaeangliae,1,https://www.inaturalist.org/photos/68556724,https://inaturalist-open-data.s3.amazonaws.com/photos/68556724/large.jpg
109,109,154509317,Megaptera novaeangliae,1,https://www.inaturalist.org/photos/154509317,https://inaturalist-open-data.s3.amazonaws.com/photos/154509317/large.jpg
110,110,417831971,Megaptera novaeangliae,1,https://www.inaturalist.org/photos/417831971,https://inaturalist-open-data.s3.amazonaws.com/photos/417831971/large.jpg
111,111,238223549,Megaptera novaeangliae,1,https://www.inaturalist.org/photos/238223549,https://inaturalist-open-data.s3.amazonaws.com/photos/238223549/large.jpg
112,112,168045431,Megaptera novaeangliae,1,https://www.inaturalist.org/photos/168045431,https://inaturalist-open-data.s3.amazonaws.com/photos/168045431/large.jpg
113,113,148635887,Megaptera novaeangliae,1,https://www.inaturalist.org/photos/148635887,https://inaturalist-open-data.s3.amazonaws.com/photos/148635887/large.jpg
117,117,338139019,Megaptera novaeangliae,1,https://www.inaturalist.org/photos/338139019,https://inaturalist-open-data.s3.amazonaws.com/photos/338139019/large.jpg
118,118,68170927,Megaptera novaeangliae,1,https://www.inaturalist.org/photos/68170927,https://inaturalist-open-data.s3.amazonaws.com/photos/68170927/large.jpg
119,120,248117322,Megaptera novaeangliae,1,https://www.inaturalist.org/photos/248117322,https://inaturalist-open-data.s3.amazonaws.com/photos/248117322/large.jpg
120,121,324627650,Megaptera novaeangliae,1,https://www.inaturalist.org/photos/324627650,https://inaturalist-open-data.s3.amazonaws.com/photos/324627650/large.jpg
122,123,279214156,Megaptera novaeangliae novaeangliae,1,https://www.inaturalist.org/photos/279214156,https://inaturalist-open-data.s3.amazonaws.com/photos/279214156/large.jpg
123,124,191637854,Megaptera novaeangliae,1,https://www.inaturalist.org/photos/191637854,https://inaturalist-open-data.s3.amazonaws.com/photos/191637854/large.jpg
124,125,232490651,Megaptera novaeangliae,1,https://www.inaturalist.org/photos/232490651,https://inaturalist-open-data.s3.amazonaws.com/photos/232490651/large.jpg
126,127,431349707,Megaptera novaeangliae,1,https://www.inaturalist.org/photos/431349707,https://inaturalist-open-data.s3.amazonaws.com/photos/431349707/large.jpg
127,128,413070282,Megaptera novaeangliae,1,https://www.inaturalist.org/photos/413070282,https://inaturalist-open-data.s3.amazonaws.com/photos/413070282/large.jpg
128,129,7535543,Megaptera novaeangliae,1,https://www.inaturalist.org/photos/7535543,https://inaturalist-open-data.s3.amazonaws.com/photos/7535543/large.jpg
130,132,411834333,Megaptera novaeangliae,1,https://www.inaturalist.org/photos/411834333,https://inaturalist-open-data.s3.amazonaws.com/photos/411834333/large.jpg
132,134,26077591,Megaptera novaeangliae,1,https://www.inaturalist.org/photos/26077591,https://inaturalist-open-data.s3.amazonaws.com/photos/26077591/large.jpg
133,135,386301885,Megaptera novaeangliae,1,https://www.inaturalist.org/photos/386301885,https://inaturalist-open-data.s3.amazonaws.com/photos/386301885/large.jpg
134,136,412948253,Megaptera novaeangliae,1,https://www.inaturalist.org/photos/412948253,https://inaturalist-open-data.s3.amazonaws.com/photos/412948253/large.jpg
135,137,242549577,Megaptera novaeangliae,1,https://www.inaturalist.org/photos/242549577,https://inaturalist-open-data.s3.amazonaws.com/photos/242549577/large.jpg
136,138,158478940,Megaptera novaeangliae,1,https://www.inaturalist.org/photos/158478940,https://inaturalist-open-data.s3.amazonaws.com/photos/158478940/large.jpg
137,139,324827094,Megaptera novaeangliae,1,https://www.inaturalist.org/photos/324827094,https://inaturalist-open-data.s3.amazonaws.com/photos/324827094/large.jpg
139,141,101669463,Megaptera novaeangliae,1,https://www.inaturalist.org/photos/101669463,https://inaturalist-open-data.s3.amazonaws.com/photos/101669463/large.jpg
140,142,31660240,Megaptera novaeangliae,1,https://www.inaturalist.org/photos/31660240,https://inaturalist-open-data.s3.amazonaws.com/photos/31660240/large.jpg
141,143,227052902,Megaptera novaeangliae,1,https://www.inaturalist.org/photos/227052902,https://inaturalist-open-data.s3.amazonaws.com/photos/227052902/large.jpg
142,144,158478975,Megaptera novaeangliae,1,https://www.inaturalist.org/photos/158478975,https://inaturalist-open-data.s3.amazonaws.com/photos/158478975/large.jpg
143,145,42972893,Megaptera novaeangliae,1,https://www.inaturalist.org/photos/42972893,https://inaturalist-open-data.s3.amazonaws.com/photos/42972893/large.jpg
144,146,148342705,Megaptera novaeangliae,1,https://www.inaturalist.org/photos/148342705,https://inaturalist-open-data.s3.amazonaws.com/photos/148342705/large.jpg
145,147,155988192,Megaptera novaeangliae,1,https://www.inaturalist.org/photos/155988192,https://inaturalist-open-data.s3.amazonaws.com/photos/155988192/large.jpg
146,148,92221803,Megaptera novaeangliae,1,https://www.inaturalist.org/photos/92221803,https://inaturalist-open-data.s3.amazonaws.com/photos/92221803/large.jpg
147,149,390183117,Megaptera novaeangliae,1,https://www.inaturalist.org/photos/390183117,https://inaturalist-open-data.s3.amazonaws.com/photos/390183117/large.jpg
148,150,168218838,Megaptera novaeangliae,1,https://www.inaturalist.org/photos/168218838,https://inaturalist-open-data.s3.amazonaws.com/photos/168218838/large.jpg
149,151,201708172,Megaptera novaeangliae,1,https://www.inaturalist.org/photos/201708172,https://inaturalist-open-data.s3.amazonaws.com/photos/201708172/large.jpg
150,152,366842408,Megaptera novaeangliae,1,https://www.inaturalist.org/photos/366842408,https://inaturalist-open-data.s3.amazonaws.com/photos/366842408/large.jpg
151,153,16335765,Megaptera novaeangliae,1,https://www.inaturalist.org/photos/16335765,https://inaturalist-open-data.s3.amazonaws.com/photos/16335765/large.jpg
152,154,7535547,Megaptera novaeangliae,1,https://www.inaturalist.org/photos/7535547,https://inaturalist-open-data.s3.amazonaws.com/photos/7535547/large.jpg
153,155,87761745,Megaptera novaeangliae,1,https://www.inaturalist.org/photos/87761745,https://inaturalist-open-data.s3.amazonaws.com/photos/87761745/large.jpg
154,156,217789277,Megaptera novaeangliae,1,https://www.inaturalist.org/photos/217789277,https://inaturalist-open-data.s3.amazonaws.com/photos/217789277/large.jpg
155,157,237934796,Megaptera novaeangliae,1,https://www.inaturalist.org/photos/237934796,https://inaturalist-open-data.s3.amazonaws.com/photos/237934796/large.jpg
156,158,207001521,Megaptera novaeangliae,1,https://www.inaturalist.org/photos/207001521,https://inaturalist-open-data.s3.amazonaws.com/photos/207001521/large.jpg
157,159,145273260,Megaptera novaeangliae,1,https://www.inaturalist.org/photos/145273260,https://inaturalist-open-data.s3.amazonaws.com/photos/145273260/large.jpg
158,160,249771527,Megaptera novaeangliae,1,https://www.inaturalist.org/photos/249771527,https://inaturalist-open-data.s3.amazonaws.com/photos/249771527/large.jpg
160,162,197272854,Megaptera novaeangliae novaeangliae,1,https://www.inaturalist.org/photos/197272854,https://inaturalist-open-data.s3.amazonaws.com/photos/197272854/large.jpg
161,163,237093485,Megaptera novaeangliae,1,https://www.inaturalist.org/photos/237093485,https://inaturalist-open-data.s3.amazonaws.com/photos/237093485/large.jpg
162,164,347913899,Megaptera novaeangliae,1,https://www.inaturalist.org/photos/347913899,https://inaturalist-open-data.s3.amazonaws.com/photos/347913899/large.jpg
163,165,322617846,Megaptera novaeangliae,1,https://www.inaturalist.org/photos/322617846,https://inaturalist-open-data.s3.amazonaws.com/photos/322617846/large.jpg
164,166,5026362,Megaptera novaeangliae,1,https://www.inaturalist.org/photos/5026362,https://inaturalist-open-data.s3.amazonaws.com/photos/5026362/large.jpg
166,168,385772384,Megaptera novaeangliae,1,https://www.inaturalist.org/photos/385772384,https://inaturalist-open-data.s3.amazonaws.com/photos/385772384/large.jpg
167,169,368935253,Megaptera novaeangliae,1,https://www.inaturalist.org/photos/368935253,https://inaturalist-open-data.s3.amazonaws.com/photos/368935253/large.jpg
169,171,175619399,Megaptera novaeangliae,1,https://www.inaturalist.org/photos/175619399,https://inaturalist-open-data.s3.amazonaws.com/photos/175619399/large.jpg
170,172,18695138,Megaptera novaeangliae,1,https://www.inaturalist.org/photos/18695138,https://inaturalist-open-data.s3.amazonaws.com/photos/18695138/large.jpg
171,173,149021114,Megaptera novaeangliae,1,https://www.inaturalist.org/photos/149021114,https://inaturalist-open-data.s3.amazonaws.com/photos/149021114/large.jpg
172,174,197272437,Megaptera novaeangliae novaeangliae,1,https://www.inaturalist.org/photos/197272437,https://inaturalist-open-data.s3.amazonaws.com/photos/197272437/large.jpg
173,175,146527190,Megaptera novaeangliae,1,https://www.inaturalist.org/photos/146527190,https://inaturalist-open-data.s3.amazonaws.com/photos/146527190/large.jpg
175,177,429710663,Megaptera novaeangliae,1,https://www.inaturalist.org/photos/429710663,https://inaturalist-open-data.s3.amazonaws.com/photos/429710663/large.jpg
176,178,218631428,Megaptera novaeangliae,1,https://www.inaturalist.org/photos/218631428,https://inaturalist-open-data.s3.amazonaws.com/photos/218631428/large.jpg
177,179,179777375,Megaptera novaeangliae,1,https://www.inaturalist.org/photos/179777375,https://inaturalist-open-data.s3.amazonaws.com/photos/179777375/large.jpg
178,180,179777344,Megaptera novaeangliae,1,https://www.inaturalist.org/photos/179777344,https://inaturalist-open-data.s3.amazonaws.com/photos/179777344/large.jpg
179,181,415993553,Megaptera novaeangliae,1,https://www.inaturalist.org/photos/415993553,https://inaturalist-open-data.s3.amazonaws.com/photos/415993553/large.jpg
181,183,154509320,Megaptera novaeangliae,1,https://www.inaturalist.org/photos/154509320,https://inaturalist-open-data.s3.amazonaws.com/photos/154509320/large.jpg
182,184,429656470,Megaptera novaeangliae novaeangliae,1,https://www.inaturalist.org/photos/429656470,https://inaturalist-open-data.s3.amazonaws.com/photos/429656470/large.jpg
183,185,211310484,Megaptera novaeangliae,1,https://www.inaturalist.org/photos/211310484,https://inaturalist-open-data.s3.amazonaws.com/photos/211310484/large.jpg
184,186,54750364,Megaptera novaeangliae,1,https://www.inaturalist.org/photos/54750364,https://inaturalist-open-data.s3.amazonaws.com/photos/54750364/large.jpg
186,188,260056458,Megaptera novaeangliae,1,https://www.inaturalist.org/photos/260056458,https://inaturalist-open-data.s3.amazonaws.com/photos/260056458/large.jpg
187,189,57436627,Megaptera novaeangliae,1,https://www.inaturalist.org/photos/57436627,https://inaturalist-open-data.s3.amazonaws.com/photos/57436627/large.jpg
189,191,242879210,Megaptera novaeangliae,1,https://www.inaturalist.org/photos/242879210,https://inaturalist-open-data.s3.amazonaws.com/photos/242879210/large.jpg
190,192,237934923,Megaptera novaeangliae,1,https://www.inaturalist.org/photos/237934923,https://inaturalist-open-data.s3.amazonaws.com/photos/237934923/large.jpg
191,193,168045448,Megaptera novaeangliae,1,https://www.inaturalist.org/photos/168045448,https://inaturalist-open-data.s3.amazonaws.com/photos/168045448/large.jpg
192,194,407026517,Megaptera novaeangliae,1,https://www.inaturalist.org/photos/407026517,https://inaturalist-open-data.s3.amazonaws.com/photos/407026517/large.jpg
193,195,122329704,Megaptera novaeangliae,1,https://www.inaturalist.org/photos/122329704,https://inaturalist-open-data.s3.amazonaws.com/photos/122329704/large.jpg
194,196,25128302,Megaptera novaeangliae,1,https://www.inaturalist.org/photos/25128302,https://inaturalist-open-data.s3.amazonaws.com/photos/25128302/large.jpg
196,198,324827512,Megaptera novaeangliae,1,https://www.inaturalist.org/photos/324827512,https://inaturalist-open-data.s3.amazonaws.com/photos/324827512/large.jpg
197,199,44982644,Megaptera novaeangliae,1,https://www.inaturalist.org/photos/44982644,https://inaturalist-open-data.s3.amazonaws.com/photos/44982644/large.jpg
